State,Original-ID,Site_ID,Date,Lat,Long,UTMN,UTME,Sampling_method,Invert_IBI,Invert_IBI_narrative,BCG_available,Invert_BCG_proxy,Invert_BCG,Taxa_BCG_final,BCG_final
IN,WLV070-0013,IN-WLV070-0013,8/11/2009,40.25499188,-87.19854968,,,,,,Yes,,2,Invert,2
IN,WTI060-0037,IN-WTI060-0037,7/16/2008,41.07821879,-86.58397385,,,,,,Yes,,2,Invert,2
IN,GMW050-0016,IN-GMW050-0016,7/24/2007,39.3620502,-85.25589562,,,,,,Yes,,3,Invert,3
IN,WLV050-0005,IN-WLV050-0005,10/12/2004,40.44,-87.35833333,,,,,,Yes,,3,Invert,3
IN,GMW070-0104,IN-GMW070-0104,7/17/2007,39.5549713,-84.93860102,,,,,,Yes,,3,Invert,3
IN,UMK060-0018,IN-UMK060-0018,9/29/2004,41.30277778,-86.62083333,,,,,,Yes,,3,Invert,3
IN,WDE050-0011,IN-WDE050-0011,10/5/2004,40.57444444,-86.68305556,,,,,,Yes,,3,Invert,3
IN,WTI150-0017,IN-WTI150-0017,7/21/2008,40.62302474,-86.81897959,,,,,,Yes,,3,Invert,3
IN,GMW040-0040,IN-GMW040-0040,7/17/2007,39.61980666,-85.17167149,,,,,,Yes,,3,Invert,3
IN,WED090-0008,IN-WED090-0008,11/15/2004,39.38111111,-86.00583333,,,,,,Yes,,3,Invert,3
IN,GMW010-0044,IN-GMW010-0044,7/17/2007,39.90753146,-85.08519807,,,,,,Yes,,3,Invert,3
IN,LMJ190-0025,IN-LMJ190-0025,7/25/2005,41.467939,-85.59985,,,,,,Yes,,3,Invert,3
IN,WWL-03-0027,IN-WWL-03-0027,8/9/2011,39.0200932,-86.90773242,,,,,,Yes,,4,Invert,4
IN,WWL040-0056,IN-WWL040-0056,7/24/2006,38.99590748,-86.89106422,,,,,,Yes,,4,Invert,4
IN,UMI030-0046,IN-UMI030-0046,8/4/2009,40.89423325,-87.1681159,,,,,,Yes,,4,Invert,4
IN,WLV190-0020,IN-WLV190-0020,8/10/2009,39.73054001,-87.28470214,,,,,,Yes,,4,Invert,4
IN,WLV040-0053,IN-WLV040-0053,7/20/2009,40.43997793,-87.31670895,,,,,,Yes,,4,Invert,4
IN,LEJ050-0066,IN-LEJ050-0066,7/19/2010,41.53546439,-84.8615209,,,,,,Yes,,4,Invert,4
IN,LES060-0022,IN-LES060-0022,7/13/2010,40.98860099,-85.09689868,,,,,,Yes,,4,Invert,4
IN,OHP030-0027,IN-OHP030-0027,7/26/2010,38.09653591,-87.39934407,,,,,,Yes,,4,Invert,4
IN,UMI010-0008,IN-UMI010-0008,8/4/2009,41.02924774,-87.1163291,,,,,,Yes,,4,Invert,4
IN,LMG-04-0036,IN-LMG-04-0036,8/7/2012,41.61722,-86.941943,,,,,,Yes,,4,Invert,4
IN,LMG100-0009,IN-LMG100-0009,7/14/2010,41.75290221,-86.56042729,,,,,,Yes,,4,Invert,4
IN,LMJ120-0040,IN-LMJ120-0040,9/12/2005,41.693578,-85.307288,,,,,,Yes,,4,Invert,4
IN,UMI030-0044,IN-UMI030-0044,7/28/2009,40.82431705,-87.17677482,,,,,,Yes,,4,Invert,4
IN,WED-04-0001,IN-WED-04-0001,7/16/2013,39.93160872,-85.69904306,,,,,,Yes,,4,Invert,4
IN,WWU070-0002,IN-WWU070-0002,10/14/2004,40.02888889,-85.995,,,,,,Yes,,4,Invert,4
IN,LEJ060-0015,IN-LEJ060-0015,7/20/2010,41.42989047,-84.84616096,,,,,,Yes,,4,Invert,4
IN,LMG-04-0034,IN-LMG-04-0034,8/8/2012,41.606993,-86.948035,,,,,,Yes,,4,Invert,4
IN,LMG070-0035,IN-LMG070-0035,7/19/2005,41.706571,-86.770572,,,,,,Yes,,4,Invert,4
IN,LMJ170-0080,IN-LMJ170-0080,7/21/2010,41.5067897,-85.39482668,,,,,,Yes,,4,Invert,4
IN,WTI020-0061,IN-WTI020-0061,7/14/2008,41.23318494,-85.77940855,,,,,,Yes,,4,Invert,4
IN,WWE-07-0005,IN-WWE-07-0005,7/12/2011,39.50511861,-87.0174734,,,,,,Yes,,4,Invert,4
IN,WWU130-0048,IN-WWU130-0048,7/26/2006,39.62742245,-86.18044674,,,,,,Yes,,4,Invert,4
IN,LMG-04-0022,IN-LMG-04-0022,8/14/2012,41.606911,-86.989634,,,,,,Yes,,4,Invert,4
IN,WPA-02-0002,IN-WPA-02-0002,7/17/2012,38.35435316,-86.9000147,,,,,,Yes,,5,Invert,5
IN,WUW100-0009,IN-WUW100-0009,7/14/2008,41.00076583,-85.39435417,,,,,,Yes,,4,Invert,4
IN,LMG-04-0015,IN-LMG-04-0015,8/8/2012,41.555632,-87.007617,,,,,,Yes,,5,Invert,5
IN,LMG-05-0011,IN-LMG-05-0011,7/22/2013,41.5118914,-87.28598137,,,,,,Yes,,5,Invert,5
IN,LMJ200-0054,IN-LMJ200-0054,7/25/2005,41.416889,-85.871402,,,,,,Yes,,4,Invert,4
IN,WBU130-0005,IN-WBU130-0005,8/4/2009,39.15710682,-87.55112618,,,,,,Yes,,4,Invert,4
IN,WPA080-0048,IN-WPA080-0048,8/2/2006,38.31819619,-87.3604975,,,,,,Yes,,5,Invert,5
IN,LMJ240-0046,IN-LMJ240-0046,8/3/2010,41.62983671,-86.27630195,,,,,,Yes,,5,Invert,5
IN,LMG-04-0016,IN-LMG-04-0016,8/8/2012,41.542129,-87.003628,,,,,,Yes,,5,Invert,5
IN,GMW030-0025,IN-GMW030-0025,7/18/2007,39.77810004,-85.05618021,,,,,,Yes,,5,Invert,5
IN,LES030-0002,IN-LES030-0002,7/21/2010,40.76413783,-84.80974201,,,,,,Yes,,4,Invert,4
IN,LMG-05-0008,IN-LMG-05-0008,7/22/2013,41.55882944,-87.23635064,,,,,,Yes,,5,Invert,5
IN,WPA-03-0006,IN-WPA-03-0006,7/11/2012,38.27541189,-86.90530398,,,,,,Yes,,5,Invert,5
IN,WWL-03-0039,IN-WWL-03-0039,8/9/2011,38.99306091,-86.9378548,,,,,,Yes,,5,Invert,5
IN,UMC030-0021,IN-UMC030-0021,8/3/2009,41.52593718,-87.49907626,,,,,,Yes,,5,Invert,5
IN,GMU110-0004,IN-GMU110-0004,7/16/2007,40.09280778,-84.87290216,,,,,,Yes,,5,Invert,5
IN,LMG-05-0006,IN-LMG-05-0006,7/22/2013,41.56558173,-87.29437343,,,,,,Yes,,5,Invert,5
IN,LMG030-0029,IN-LMG030-0029,7/12/2010,41.43705905,-87.34159537,,,,,,Yes,,5,Invert,5
IN,LMG-04-0005,IN-LMG-04-0005,8/13/2012,41.62219,-87.067504,,,,,,Yes,,5,Invert,5
IN,LMG-04-0013,IN-LMG-04-0013,8/7/2012,41.571135,-87.027963,,,,,,Yes,,5,Invert,5
IN,UMK100-0014,IN-UMK100-0014,7/15/2009,41.2421997,-87.11252077,,,,,,Yes,,5,Invert,5
IN,WPA-03-0001,IN-WPA-03-0001,7/16/2012,38.25239003,-86.90223217,,,,,,Yes,,5,Invert,5
IN,WPA-07-0009,IN-WPA-07-0009,7/24/2012,38.30780111,-87.28198306,,,,,,Yes,,5,Invert,5
IN,UMC-04-0006,IN-UMC-04-0006,9/24/2013,41.60929995,-87.34009998,,,,,,Yes,,6,Invert,6
IN,WPA-07-0002,IN-WPA-07-0002,7/24/2012,38.34777669,-87.32000265,,,,,,Yes,,6,Invert,6
IN,WPA070-0029,IN-WPA070-0029,7/24/2012,38.29291361,-87.22401861,,,,,,Yes,,6,Invert,6
IN,LMG060-0005,IN-LMG060-0005,8/13/2012,41.61261215,-87.17404518,,,,,,Yes,,6,Invert,6
IN,LMJ230-0010,IN-LMJ230-0010,7/25/2005,41.511027,-85.982712,,,,,,Yes,,6,Invert,6
IN,GMW020-0033,IN-GMW020-0033,7/17/2007,39.89911829,-85.04199794,,,,,,Yes,,3,Invert,3
IN,GMW060-0018,IN-GMW060-0018,7/23/2007,39.42874686,-85.04499771,,,,,,Yes,,2,Invert,2
IN,GMW070-0107,IN-GMW070-0107,7/23/2007,39.63611345,-84.94309243,,,,,,Yes,,4,Invert,4
IN,LMG-05-0007,IN-LMG-05-0007,7/22/2013,41.56282272,-87.2907808,,,,,,Yes,,5,Invert,5
IN,UMC050-0010,IN-UMC050-0010,9/25/2013,41.62277778,-87.51277778,,,,,,Yes,,6,Invert,6
IN,WLV110-0008,IN-WLV110-0008,7/21/2009,40.04317872,-87.30286222,,,,,,Yes,,3,Invert,3
IN,WPA-02-0007,IN-WPA-02-0007,7/23/2012,38.35487277,-86.89431151,,,,,,Yes,,5,Invert,5
IN,WPA-06-0001,IN-WPA-06-0001,8/21/2012,38.37459615,-87.17847436,,,,,,Yes,,6,Invert,6
IN,WPA-06-0006,IN-WPA-06-0006,9/12/2012,38.35307049,-87.13548519,,,,,,Yes,,4,Invert,4
IN,WSU050-0033,IN-WSU050-0033,7/21/2009,39.94124236,-87.11441882,,,,,,Yes,,2,Invert,2
IN,WWU-08-0002,IN-WWU-08-0002,7/18/2011,39.95015315,-85.80937299,,,,,,Yes,,3,Invert,3
IN,GML070-0004,IN-GML070-0004,7/23/2007,39.69087471,-84.83221486,,,,,,Yes,,5,Invert,5
IN,GML080-0002,IN-GML080-0002,7/23/2007,39.55425625,-84.81726873,,,,,,Yes,,5,Invert,5
IN,GMW010-0035,IN-GMW010-0035,7/17/2007,39.84551927,-85.17037827,,,,,,Yes,,4,Invert,4
IN,GMW010-0035,IN-GMW010-0035,7/17/2007,39.84551927,-85.17037827,,,,,,Yes,,3,Invert,3
IN,GMW010-0041,IN-GMW010-0041,7/17/2007,39.89549895,-85.17750524,,,,,,Yes,,4,Invert,4
IN,GMW010-0045,IN-GMW010-0045,7/17/2007,39.79891777,-85.22984484,,,,,,Yes,,3,Invert,3
IN,GMW020-0029,IN-GMW020-0029,7/16/2007,39.97537642,-84.97526496,,,,,,Yes,,4,Invert,4
IN,GMW020-0029,IN-GMW020-0029,7/16/2007,39.97537642,-84.97526496,,,,,,Yes,,4,Invert,4
IN,GMW020-0035,IN-GMW020-0035,7/24/2007,39.70772264,-85.11745929,,,,,,Yes,,5,Invert,5
IN,GMW020-0036,IN-GMW020-0036,7/16/2007,40.01829611,-84.97556896,,,,,,Yes,,4,Invert,4
IN,GMW030-0026,IN-GMW030-0026,7/16/2007,40.00952037,-84.88811716,,,,,,Yes,,5,Invert,5
IN,GMW030-0026,IN-GMW030-0026,7/16/2007,40.00952037,-84.88811716,,,,,,Yes,,5,Invert,5
IN,GMW040-0012,IN-GMW040-0012,10/25/2004,39.57333333,-85.15638889,,,,,,Yes,,3,Invert,3
IN,GMW040-0036,IN-GMW040-0036,7/18/2007,39.53524387,-85.16333111,,,,,,Yes,,3,Invert,3
IN,GMW040-0043,IN-GMW040-0043,7/17/2007,39.54894912,-85.16999356,,,,,,Yes,,3,Invert,3
IN,GMW040-0044,IN-GMW040-0044,7/18/2007,39.46513034,-85.17588298,,,,,,Yes,,3,Invert,3
IN,GMW040-0045,IN-GMW040-0045,7/18/2007,39.53968607,-85.1322352,,,,,,Yes,,4,Invert,4
IN,GMW040-0045,IN-GMW040-0045,7/18/2007,39.53968607,-85.1322352,,,,,,Yes,,3,Invert,3
IN,GMW050-0006,IN-GMW050-0006,10/25/2004,39.43666667,-85.19444444,,,,,,Yes,,3,Invert,3
IN,GMW050-0016,IN-GMW050-0016,7/24/2007,39.3620502,-85.25589562,,,,,,Yes,,4,Invert,4
IN,GMW050-0017,IN-GMW050-0017,7/24/2007,39.33170558,-85.30684578,,,,,,Yes,,4,Invert,4
IN,GMW060-0016,IN-GMW060-0016,7/23/2007,39.43449105,-85.06174979,,,,,,Yes,,3,Invert,3
IN,GMW060-0021,IN-GMW060-0021,7/18/2007,39.49006749,-85.12625061,,,,,,Yes,,3,Invert,3
IN,GMW060-0022,IN-GMW060-0022,7/23/2007,39.36489274,-85.11904427,,,,,,Yes,,4,Invert,4
IN,GMW070-0080,IN-GMW070-0080,7/23/2007,39.67124702,-84.95023067,,,,,,Yes,,4,Invert,4
IN,GMW070-0082,IN-GMW070-0082,7/24/2007,39.63502677,-84.9987092,,,,,,Yes,,3,Invert,3
IN,GMW070-0091,IN-GMW070-0091,7/17/2007,39.42765765,-85.0036749,,,,,,Yes,,4,Invert,4
IN,GMW070-0092,IN-GMW070-0092,7/18/2007,39.75282947,-84.91853705,,,,,,Yes,,4,Invert,4
IN,GMW070-0092,IN-GMW070-0092,7/18/2007,39.75282947,-84.91853705,,,,,,Yes,,4,Invert,4
IN,GMW070-0093,IN-GMW070-0093,7/17/2007,39.52003607,-84.97993179,,,,,,Yes,,4,Invert,4
IN,GMW070-0100,IN-GMW070-0100,7/17/2007,39.51217908,-84.95611504,,,,,,Yes,,4,Invert,4
IN,GMW070-0101,IN-GMW070-0101,7/18/2007,39.7730813,-84.87000954,,,,,,Yes,,3,Invert,3
IN,GMW070-0109,IN-GMW070-0109,7/18/2007,39.78864104,-84.92720325,,,,,,Yes,,4,Invert,4
IN,GMW070-0109,IN-GMW070-0109,7/18/2007,39.78864104,-84.92720325,,,,,,Yes,,4,Invert,4
IN,GMW080-0034,IN-GMW080-0034,7/16/2007,39.2850496,-84.8787187,,,,,,Yes,,3,Invert,3
IN,GMW080-0036,IN-GMW080-0036,7/23/2007,39.37310271,-85.04167344,,,,,,Yes,,4,Invert,4
IN,GMW080-0038,IN-GMW080-0038,7/17/2007,39.37881319,-84.8373356,,,,,,Yes,,4,Invert,4
IN,GMW080-0040,IN-GMW080-0040,7/16/2007,39.3597505,-84.9541116,,,,,,Yes,,3,Invert,3
IN,GMW080-0043,IN-GMW080-0043,7/16/2007,39.34362926,-84.9215295,,,,,,Yes,,3,Invert,3
IN,LEA120-0007,IN-LEA120-0007,7/19/2005,40.970454,-84.857557,,,,,,Yes,,4,Invert,4
IN,LEA120-0011,IN-LEA120-0011,7/13/2010,40.94974747,-84.82839138,,,,,,Yes,,4,Invert,4
IN,LEJ050-0011,IN-LEJ050-0011,9/22/2004,41.46361111,-84.81138889,,,,,,Yes,,4,Invert,4
IN,LEJ050-0064,IN-LEJ050-0064,7/20/2005,41.62754,-84.824972,,,,,,Yes,,4,Invert,4
IN,LEJ050-0064,IN-LEJ050-0064,7/20/2005,41.62754,-84.824972,,,,,,Yes,,4,Invert,4
IN,LEJ050-0068,IN-LEJ050-0068,8/3/2010,41.46349867,-84.81128336,,,,,,Yes,,4,Invert,4
IN,LEJ070-0026,IN-LEJ070-0026,9/13/2005,41.244074,-84.974494,,,,,,Yes,,6,Invert,6
IN,LEJ070-0027,IN-LEJ070-0027,9/13/2005,41.262411,-84.940461,,,,,,Yes,,5,Invert,5
IN,LEJ080-0011,IN-LEJ080-0011,9/22/2004,41.43972222,-85.03888889,,,,,,Yes,,4,Invert,4
IN,LEJ080-0013,IN-LEJ080-0013,7/20/2005,41.479698,-84.971327,,,,,,Yes,,5,Invert,5
IN,LEJ080-0014,IN-LEJ080-0014,7/25/2005,41.480792,-85.13759,,,,,,Yes,,4,Invert,4
IN,LEJ080-0016,IN-LEJ080-0016,7/20/2010,41.47271817,-85.10511995,,,,,,Yes,,4,Invert,4
IN,LEJ080-0017,IN-LEJ080-0017,7/19/2010,41.40312812,-84.98894169,,,,,,Yes,,4,Invert,4
IN,LEJ090-0031,IN-LEJ090-0031,7/19/2005,41.258176,-85.131049,,,,,,Yes,,4,Invert,4
IN,LEJ090-0033,IN-LEJ090-0033,9/14/2005,41.265507,-85.136884,,,,,,Yes,,4,Invert,4
IN,LEJ090-0040,IN-LEJ090-0040,7/20/2010,41.3879695,-85.08570954,,,,,,Yes,,4,Invert,4
IN,LEJ090-0040,IN-LEJ090-0040,7/20/2010,41.3879695,-85.08570954,,,,,,Yes,,4,Invert,4
IN,LEJ090-0041,IN-LEJ090-0041,7/20/2010,41.28242036,-85.14240761,,,,,,Yes,,4,Invert,4
IN,LEJ100-0026,IN-LEJ100-0026,8/18/2010,41.14610054,-85.10031941,,,,,,Yes,,4,Invert,4
IN,LEM010-0035,IN-LEM010-0035,7/19/2005,41.183025,-84.869582,,,,,,Yes,,4,Invert,4
IN,LEM010-0039,IN-LEM010-0039,9/14/2005,41.078402,-85.086747,,,,,,Yes,,4,Invert,4
IN,LEM010-0046,IN-LEM010-0046,8/23/2010,41.13298835,-84.92092362,,,,,,Yes,,4,Invert,4
IN,LEM010-0050,IN-LEM010-0050,7/19/2010,41.22916608,-84.85066921,,,,,,Yes,,4,Invert,4
IN,LEM010-0051,IN-LEM010-0051,8/9/2010,41.1010727,-84.98127925,,,,,,Yes,,4,Invert,4
IN,LEM010-0052,IN-LEM010-0052,8/18/2010,41.07619734,-85.08176649,,,,,,Yes,,4,Invert,4
IN,LES030-0001,IN-LES030-0001,7/19/2010,40.74077601,-84.80573022,,,,,,Yes,,5,Invert,5
IN,LES040-0092,IN-LES040-0092,7/18/2005,40.686453,-84.999289,,,,,,Yes,,5,Invert,5
IN,LES040-0093,IN-LES040-0093,7/18/2005,40.786454,-84.960116,,,,,,Yes,,5,Invert,5
IN,LES040-0104,IN-LES040-0104,7/13/2010,40.83582696,-84.91658086,,,,,,Yes,,5,Invert,5
IN,LES050-0019,IN-LES050-0019,7/18/2005,40.894615,-85.007594,,,,,,Yes,,4,Invert,4
IN,LES060-0020,IN-LES060-0020,7/19/2005,41.103543,-85.162984,,,,,,Yes,,5,Invert,5
IN,LES060-0021,IN-LES060-0021,7/19/2005,40.945215,-85.084989,,,,,,Yes,,5,Invert,5
IN,LMG020-0018,IN-LMG020-0018,9/24/2013,41.61305556,-87.43277778,,,,,,Yes,,5,Invert,5
IN,LMG020-0019,IN-LMG020-0019,9/23/2013,41.61430556,-87.46152778,,,,,,Yes,,6,Invert,6
IN,LMG020-0025,IN-LMG020-0025,9/23/2013,41.65222222,-87.46305556,,,,,,Yes,,6,Invert,6
IN,LMG020-0029,IN-LMG020-0029,9/24/2013,41.61583333,-87.26444444,,,,,,Yes,,5,Invert,5
IN,LMG020-0039,IN-LMG020-0039,9/25/2013,41.61555556,-87.2725,,,,,,Yes,,5,Invert,5
IN,LMG030-0008,IN-LMG030-0008,7/23/2013,41.53539722,-87.256425,,,,,,Yes,,5,Invert,5
IN,LMG030-0022,IN-LMG030-0022,7/18/2005,41.463922,-87.233299,,,,,,Yes,,4,Invert,4
IN,LMG030-0028,IN-LMG030-0028,7/12/2010,41.43955886,-87.4396042,,,,,,Yes,,5,Invert,5
IN,LMG040-0008,IN-LMG040-0008,7/18/2005,41.567823,-87.190669,,,,,,Yes,,6,Invert,6
IN,LMG-04-0001,IN-LMG-04-0001,8/13/2012,41.622533,-87.094516,,,,,,Yes,,5,Invert,5
IN,LMG040-0012,IN-LMG040-0012,8/16/2010,41.56724967,-87.25499007,,,,,,Yes,,5,Invert,5
IN,LMG-04-0002,IN-LMG-04-0002,8/6/2012,41.620309,-87.091617,,,,,,Yes,,5,Invert,5
IN,LMG-04-0003,IN-LMG-04-0003,8/6/2012,41.607661,-87.094115,,,,,,Yes,,5,Invert,5
IN,LMG-04-0004,IN-LMG-04-0004,8/6/2012,41.622104,-87.087075,,,,,,Yes,,4,Invert,4
IN,LMG-04-0006,IN-LMG-04-0006,8/14/2012,41.621305,-87.049151,,,,,,Yes,,5,Invert,5
IN,LMG-04-0007,IN-LMG-04-0007,8/7/2012,41.617223,-87.050261,,,,,,Yes,,4,Invert,4
IN,LMG-04-0008,IN-LMG-04-0008,8/7/2012,41.608867,-87.049684,,,,,,Yes,,5,Invert,5
IN,LMG-04-0009,IN-LMG-04-0009,8/7/2012,41.599712,-87.048395,,,,,,Yes,,6,Invert,6
IN,LMG-04-0011,IN-LMG-04-0011,8/7/2012,41.593686,-87.040189,,,,,,Yes,,4,Invert,4
IN,LMG-04-0011,IN-LMG-04-0011,8/7/2012,41.593686,-87.040189,,,,,,Yes,,4,Invert,4
IN,LMG-04-0012,IN-LMG-04-0012,8/7/2012,41.57013,-87.030305,,,,,,Yes,,4,Invert,4
IN,LMG-04-0014,IN-LMG-04-0014,8/8/2012,41.573136,-87.028068,,,,,,Yes,,6,Invert,6
IN,LMG-04-0015,IN-LMG-04-0015,8/8/2012,41.555632,-87.007617,,,,,,Yes,,3,Invert,3
IN,LMG-04-0017,IN-LMG-04-0017,8/13/2012,41.616913,-87.03231,,,,,,Yes,,5,Invert,5
IN,LMG-04-0018,IN-LMG-04-0018,8/14/2012,41.585804,-87.009135,,,,,,Yes,,5,Invert,5
IN,LMG-04-0019,IN-LMG-04-0019,8/14/2012,41.571279,-86.989096,,,,,,Yes,,5,Invert,5
IN,LMG-04-0020,IN-LMG-04-0020,8/14/2012,41.616947,-87.022035,,,,,,Yes,,5,Invert,5
IN,LMG-04-0021,IN-LMG-04-0021,8/13/2012,41.62249,-87.010524,,,,,,Yes,,5,Invert,5
IN,LMG-04-0022,IN-LMG-04-0022,8/14/2012,41.606911,-86.989634,,,,,,Yes,,4,Invert,4
IN,LMG-04-0023,IN-LMG-04-0023,8/14/2012,41.593937,-86.989876,,,,,,Yes,,4,Invert,4
IN,LMG-04-0024,IN-LMG-04-0024,8/14/2012,41.593799,-86.975069,,,,,,Yes,,5,Invert,5
IN,LMG-04-0025,IN-LMG-04-0025,8/13/2012,41.609392,-86.980248,,,,,,Yes,,6,Invert,6
IN,LMG-04-0026,IN-LMG-04-0026,8/13/2012,41.622471,-86.987077,,,,,,Yes,,5,Invert,5
IN,LMG-04-0027,IN-LMG-04-0027,8/14/2012,41.623877,-86.980522,,,,,,Yes,,4,Invert,4
IN,LMG-04-0027,IN-LMG-04-0027,8/14/2012,41.623877,-86.980522,,,,,,Yes,,4,Invert,4
IN,LMG-04-0028,IN-LMG-04-0028,8/14/2012,41.6274,-86.951488,,,,,,Yes,,4,Invert,4
IN,LMG-04-0029,IN-LMG-04-0029,8/7/2012,41.629716,-86.941804,,,,,,Yes,,5,Invert,5
IN,LMG-04-0031,IN-LMG-04-0031,8/7/2012,41.651302,-86.941878,,,,,,Yes,,5,Invert,5
IN,LMG-04-0032,IN-LMG-04-0032,8/7/2012,41.651432,-86.9325,,,,,,Yes,,6,Invert,6
IN,LMG-04-0033,IN-LMG-04-0033,8/7/2012,41.617216,-86.946359,,,,,,Yes,,5,Invert,5
IN,LMG-04-0035,IN-LMG-04-0035,8/8/2012,41.602435,-86.936543,,,,,,Yes,,4,Invert,4
IN,LMG-04-0035,IN-LMG-04-0035,8/8/2012,41.602435,-86.936543,,,,,,Yes,,4,Invert,4
IN,LMG-04-0037,IN-LMG-04-0037,8/6/2012,41.598106,-86.92209,,,,,,Yes,,4,Invert,4
IN,LMG-04-0038,IN-LMG-04-0038,8/7/2012,41.621951,-86.932241,,,,,,Yes,,4,Invert,4
IN,LMG-04-0039,IN-LMG-04-0039,8/6/2012,41.612775,-86.906092,,,,,,Yes,,4,Invert,4
IN,LMG-04-0040,IN-LMG-04-0040,8/6/2012,41.599986,-86.895417,,,,,,Yes,,4,Invert,4
IN,LMG-04-0042,IN-LMG-04-0042,8/6/2012,41.602372,-86.880367,,,,,,Yes,,4,Invert,4
IN,LMG-04-0043,IN-LMG-04-0043,8/6/2012,41.611505,-87.150245,,,,,,Yes,,5,Invert,5
IN,LMG-04-0044,IN-LMG-04-0044,8/6/2012,41.612456,-87.147137,,,,,,Yes,,5,Invert,5
IN,LMG-04-0045,IN-LMG-04-0045,8/7/2012,41.6194,-87.1453,,,,,,Yes,,5,Invert,5
IN,LMG-05-0002,IN-LMG-05-0002,7/22/2013,41.59362084,-87.22069186,,,,,,Yes,,5,Invert,5
IN,LMG-05-0003,IN-LMG-05-0003,7/22/2013,41.58828588,-87.20441822,,,,,,Yes,,4,Invert,4
IN,LMG-05-0004,IN-LMG-05-0004,7/22/2013,41.56492476,-87.18905508,,,,,,Yes,,5,Invert,5
IN,LMG-05-0008,IN-LMG-05-0008,7/22/2013,41.55882944,-87.23635064,,,,,,Yes,,5,Invert,5
IN,LMG-05-0008,IN-LMG-05-0008,7/22/2013,41.55882944,-87.23635064,,,,,,Yes,,5,Invert,5
IN,LMG-05-0009,IN-LMG-05-0009,7/23/2013,41.53489484,-87.25398294,,,,,,Yes,,5,Invert,5
IN,LMG-05-0010,IN-LMG-05-0010,7/22/2013,41.52158603,-87.23983651,,,,,,Yes,,5,Invert,5
IN,LMG-05-0012,IN-LMG-05-0012,7/22/2013,41.47613949,-87.22015183,,,,,,Yes,,4,Invert,4
IN,LMG-05-0013,IN-LMG-05-0013,7/23/2013,41.46451191,-87.21016561,,,,,,Yes,,4,Invert,4
IN,LMG-05-0014,IN-LMG-05-0014,7/23/2013,41.44915243,-87.2473032,,,,,,Yes,,4,Invert,4
IN,LMG-05-0015,IN-LMG-05-0015,7/23/2013,41.44704867,-87.27761876,,,,,,Yes,,4,Invert,4
IN,LMG-05-0016,IN-LMG-05-0016,7/23/2013,41.42364618,-87.29667465,,,,,,Yes,,5,Invert,5
IN,LMG-05-0017,IN-LMG-05-0017,7/23/2013,41.39829506,-87.30176091,,,,,,Yes,,6,Invert,6
IN,LMG-05-0018,IN-LMG-05-0018,7/22/2013,41.43555322,-87.35472546,,,,,,Yes,,5,Invert,5
IN,LMG-05-0019,IN-LMG-05-0019,7/22/2013,41.42732992,-87.36929848,,,,,,Yes,,6,Invert,6
IN,LMG-05-0020,IN-LMG-05-0020,7/23/2013,41.44174128,-87.39258239,,,,,,Yes,,5,Invert,5
IN,LMG-05-0020,IN-LMG-05-0020,7/23/2013,41.44174128,-87.39258239,,,,,,Yes,,5,Invert,5
IN,LMG-05-0021,IN-LMG-05-0021,7/23/2013,41.43495179,-87.40302528,,,,,,Yes,,5,Invert,5
IN,LMG-05-0022,IN-LMG-05-0022,7/23/2013,41.44821244,-87.42648335,,,,,,Yes,,5,Invert,5
IN,LMG-05-0024,IN-LMG-05-0024,7/23/2013,41.49800932,-87.42756557,,,,,,Yes,,5,Invert,5
IN,LMG-05-0025,IN-LMG-05-0025,7/23/2013,41.51732394,-87.39592426,,,,,,Yes,,5,Invert,5
IN,LMG-05-0026,IN-LMG-05-0026,7/23/2013,41.48607445,-87.39339231,,,,,,Yes,,5,Invert,5
IN,LMG-05-0027,IN-LMG-05-0027,7/23/2013,41.49865257,-87.36476355,,,,,,Yes,,5,Invert,5
IN,LMG-05-0027,IN-LMG-05-0027,7/23/2013,41.49865257,-87.36476355,,,,,,Yes,,4,Invert,4
IN,LMG-05-0028,IN-LMG-05-0028,7/23/2013,41.48565713,-87.37361497,,,,,,Yes,,5,Invert,5
IN,LMG-05-0029,IN-LMG-05-0029,7/23/2013,41.50588109,-87.35870748,,,,,,Yes,,5,Invert,5
IN,LMG-05-0030,IN-LMG-05-0030,7/22/2013,41.48546506,-87.3403808,,,,,,Yes,,5,Invert,5
IN,LMG-05-0031,IN-LMG-05-0031,7/23/2013,41.51201251,-87.3069362,,,,,,Yes,,5,Invert,5
IN,LMG-05-0032,IN-LMG-05-0032,7/22/2013,41.51644236,-87.21075158,,,,,,Yes,,5,Invert,5
IN,LMG-05-0033,IN-LMG-05-0033,7/22/2013,41.49295911,-87.28762022,,,,,,Yes,,5,Invert,5
IN,LMG-05-0034,IN-LMG-05-0034,7/23/2013,41.45633007,-87.22930745,,,,,,Yes,,5,Invert,5
IN,LMG-05-0035,IN-LMG-05-0035,7/23/2013,41.44192504,-87.27018527,,,,,,Yes,,5,Invert,5
IN,LMG-05-0036,IN-LMG-05-0036,7/22/2013,41.41281788,-87.33291957,,,,,,Yes,,5,Invert,5
IN,LMG-05-0037,IN-LMG-05-0037,9/25/2013,41.6103,-87.17925,,,,,,Yes,,6,Invert,6
IN,LMG-05-0037,IN-LMG-05-0037,9/25/2013,41.6103,-87.17925,,,,,,Yes,,6,Invert,6
IN,LMG060-0008,IN-LMG060-0008,8/13/2012,41.61681805,-87.12622159,,,,,,Yes,,5,Invert,5
IN,LMG060-0041,IN-LMG060-0041,7/12/2010,41.62320316,-86.98203028,,,,,,Yes,,4,Invert,4
IN,LMG-06-0009,IN-LMG-06-0009,9/24/2013,41.61359999,-87.2784,,,,,,Yes,,5,Invert,5
IN,LMG-06-0010,IN-LMG-06-0010,9/24/2013,41.61239998,-87.2922,,,,,,Yes,,5,Invert,5
IN,LMG-06-0011,IN-LMG-06-0011,9/23/2013,41.64669999,-87.4934,,,,,,Yes,,6,Invert,6
IN,LMG-06-0012,IN-LMG-06-0012,9/23/2013,41.63459999,-87.4712,,,,,,Yes,,6,Invert,6
IN,LMG070-0036,IN-LMG070-0036,7/19/2005,41.679395,-86.825549,,,,,,Yes,,4,Invert,4
IN,LMJ090-0008,IN-LMJ090-0008,9/22/2004,41.71888889,-84.97166667,,,,,,Yes,,4,Invert,4
IN,LMJ110-0080,IN-LMJ110-0080,7/26/2005,41.577691,-85.221598,,,,,,Yes,,4,Invert,4
IN,LMJ110-0124,IN-LMJ110-0124,7/20/2010,41.59702561,-84.97181104,,,,,,Yes,,4,Invert,4
IN,LMJ110-0128,IN-LMJ110-0128,7/20/2010,41.67361047,-85.20509897,,,,,,Yes,,4,Invert,4
IN,LMJ110-0129,IN-LMJ110-0129,7/19/2010,41.62740974,-85.10214613,,,,,,Yes,,4,Invert,4
IN,LMJ110-0129,IN-LMJ110-0129,7/19/2010,41.62740974,-85.10214613,,,,,,Yes,,4,Invert,4
IN,LMJ120-0041,IN-LMJ120-0041,7/26/2005,41.715912,-85.427577,,,,,,Yes,,4,Invert,4
IN,LMJ120-0042,IN-LMJ120-0042,7/26/2005,41.740613,-85.557945,,,,,,Yes,,4,Invert,4
IN,LMJ120-0048,IN-LMJ120-0048,7/13/2010,41.71498535,-85.45007777,,,,,,Yes,,3,Invert,3
IN,LMJ130-0008,IN-LMJ130-0008,8/17/2010,41.74344019,-85.80186949,,,,,,Yes,,4,Invert,4
IN,LMJ140-0028,IN-LMJ140-0028,7/26/2005,41.64392849,-85.6477854,,,,,,Yes,,4,Invert,4
IN,LMJ140-0029,IN-LMJ140-0029,7/26/2005,41.716317,-85.742587,,,,,,Yes,,4,Invert,4
IN,LMJ140-0118,IN-LMJ140-0118,7/14/2010,41.71700343,-85.73606202,,,,,,Yes,,4,Invert,4
IN,LMJ140-0119,IN-LMJ140-0119,7/13/2010,41.5969324,-85.55686432,,,,,,Yes,,5,Invert,5
IN,LMJ150-0023,IN-LMJ150-0023,8/17/2010,41.70590794,-85.89064202,,,,,,Yes,,4,Invert,4
IN,LMJ160-0004,IN-LMJ160-0004,7/20/2005,41.695366,-85.980044,,,,,,Yes,,4,Invert,4
IN,LMJ170-0077,IN-LMJ170-0077,7/25/2005,41.437195,-85.34231,,,,,,Yes,,4,Invert,4
IN,LMJ180-0046,IN-LMJ180-0046,7/25/2005,41.3227,-85.47682,,,,,,Yes,,5,Invert,5
IN,LMJ180-0049,IN-LMJ180-0049,7/21/2010,41.37007141,-85.43899615,,,,,,Yes,,4,Invert,4
IN,LMJ180-0052,IN-LMJ180-0052,8/2/2010,41.38456221,-85.3370748,,,,,,Yes,,5,Invert,5
IN,LMJ190-0026,IN-LMJ190-0026,7/26/2005,41.523678,-85.677753,,,,,,Yes,,5,Invert,5
IN,LMJ190-0028,IN-LMJ190-0028,7/26/2005,41.427058,-85.655933,,,,,,Yes,,5,Invert,5
IN,LMJ190-0031,IN-LMJ190-0031,8/11/2010,41.50099715,-85.77992021,,,,,,Yes,,3,Invert,3
IN,LMJ190-0032,IN-LMJ190-0032,8/2/2010,41.39577199,-85.5740041,,,,,,Yes,,5,Invert,5
IN,LMJ200-0016,IN-LMJ200-0016,9/28/2004,41.48666667,-85.84944444,,,,,,Yes,,5,Invert,5
IN,LMJ200-0051,IN-LMJ200-0051,7/25/2005,41.40189,-85.9012,,,,,,Yes,,5,Invert,5
IN,LMJ200-0054,IN-LMJ200-0054,7/25/2005,41.416889,-85.871402,,,,,,Yes,,4,Invert,4
IN,LMJ200-0060,IN-LMJ200-0060,8/23/2010,41.43246546,-85.7731631,,,,,,Yes,,5,Invert,5
IN,LMJ210-0024,IN-LMJ210-0024,7/26/2005,41.583522,-85.777096,,,,,,Yes,,5,Invert,5
IN,LMJ-21-0010,IN-LMJ-21-0010,7/26/2011,41.51115925,-85.98256976,,,,,,Yes,,5,Invert,5
IN,LMJ220-0014,IN-LMJ220-0014,7/13/2010,41.70230586,-86.05353902,,,,,,Yes,,4,Invert,4
IN,LMJ230-0006,IN-LMJ230-0006,9/28/2004,41.59416667,-86.03,,,,,,Yes,,6,Invert,6
IN,LMJ230-0008,IN-LMJ230-0008,7/19/2005,41.648926,-86.055623,,,,,,Yes,,4,Invert,4
IN,LMJ230-0009,IN-LMJ230-0009,7/19/2005,41.577768,-86.136966,,,,,,Yes,,5,Invert,5
IN,LMJ240-0022,IN-LMJ240-0022,9/28/2004,41.68777778,-86.13333333,,,,,,Yes,,4,Invert,4
IN,LMJ240-0040,IN-LMJ240-0040,7/19/2005,41.660886,-86.135862,,,,,,Yes,,4,Invert,4
IN,OHP020-0007,IN-OHP020-0007,8/1/2005,38.208916,-87.542325,,,,,,Yes,,5,Invert,5
IN,OHP020-0026,IN-OHP020-0026,8/10/2010,38.26398383,-87.53323262,,,,,,Yes,,5,Invert,5
IN,OHP020-0026,IN-OHP020-0026,8/10/2010,38.26398383,-87.53323262,,,,,,Yes,,5,Invert,5
IN,OHP030-0026,IN-OHP030-0026,8/11/2010,38.03849645,-87.40420543,,,,,,Yes,,4,Invert,4
IN,OHP040-0036,IN-OHP040-0036,7/26/2010,38.141781,-87.51310656,,,,,,Yes,,5,Invert,5
IN,OLP070-0019,IN-OLP070-0019,8/23/2005,38.039,-86.785702,,,,,,Yes,,5,Invert,5
IN,OLP080-0010,IN-OLP080-0010,7/27/2010,38.09567579,-86.89607901,,,,,,Yes,,4,Invert,4
IN,OLP110-0001,IN-OLP110-0001,7/27/2010,37.95291751,-87.03981957,,,,,,Yes,,4,Invert,4
IN,OLP140-0094,IN-OLP140-0094,8/2/2005,38.105649,-87.070645,,,,,,Yes,,5,Invert,5
IN,OLP140-0095,IN-OLP140-0095,8/1/2005,38.053528,-87.132531,,,,,,Yes,,5,Invert,5
IN,OLP140-0098,IN-OLP140-0098,7/26/2010,38.05988953,-87.09763376,,,,,,Yes,,5,Invert,5
IN,OLP140-0099,IN-OLP140-0099,8/31/2010,38.13225729,-87.03051202,,,,,,Yes,,5,Invert,5
IN,OLP140-0100,IN-OLP140-0100,7/27/2010,38.03380557,-87.03759673,,,,,,Yes,,4,Invert,4
IN,UMC030-0012,IN-UMC030-0012,9/30/2004,41.57055556,-87.50611111,,,,,,Yes,,6,Invert,6
IN,UMC-04-0001,IN-UMC-04-0001,9/24/2013,41.60810126,-87.39340001,,,,,,Yes,,5,Invert,5
IN,UMC-04-0002,IN-UMC-04-0002,9/24/2013,41.60959999,-87.4086,,,,,,Yes,,5,Invert,5
IN,UMC-04-0004,IN-UMC-04-0004,9/23/2013,41.60849999,-87.3042,,,,,,Yes,,5,Invert,5
IN,UMC-04-0005,IN-UMC-04-0005,9/23/2013,41.60789998,-87.31790004,,,,,,Yes,,5,Invert,5
IN,UMC-04-0005,IN-UMC-04-0005,9/23/2013,41.60789998,-87.31790004,,,,,,Yes,,5,Invert,5
IN,UMC-04-0007,IN-UMC-04-0007,9/24/2013,41.60739998,-87.35189996,,,,,,Yes,,5,Invert,5
IN,UMC-04-0008,IN-UMC-04-0008,9/24/2013,41.60679999,-87.37963,,,,,,Yes,,5,Invert,5
IN,UMC-04-0008,IN-UMC-04-0008,9/24/2013,41.60679999,-87.37963,,,,,,Yes,,5,Invert,5
IN,UMC-04-0010,IN-UMC-04-0010,9/24/2013,41.6116,-87.3856,,,,,,Yes,,5,Invert,5
IN,UMC050-0007,IN-UMC050-0007,9/23/2013,41.61444444,-87.48083333,,,,,,Yes,,6,Invert,6
IN,UMC050-0009,IN-UMC050-0009,9/23/2013,41.61888889,-87.5,,,,,,Yes,,6,Invert,6
IN,UMI020-0023,IN-UMI020-0023,8/12/2009,40.98247887,-87.12795876,,,,,,Yes,,4,Invert,4
IN,UMI020-0026,IN-UMI020-0026,7/8/2009,40.93774246,-87.12481168,,,,,,Yes,,4,Invert,4
IN,UMI020-0027,IN-UMI020-0027,7/8/2009,40.93051751,-87.13602963,,,,,,Yes,,4,Invert,4
IN,UMI040-0039,IN-UMI040-0039,7/7/2009,40.87468552,-87.29650722,,,,,,Yes,,4,Invert,4
IN,UMI040-0040,IN-UMI040-0040,7/7/2009,40.8604903,-87.34490241,,,,,,Yes,,5,Invert,5
IN,UMI040-0041,IN-UMI040-0041,7/27/2009,40.76702927,-87.27872948,,,,,,Yes,,4,Invert,4
IN,UMI040-0042,IN-UMI040-0042,8/12/2009,41.02812488,-87.30031055,,,,,,Yes,,5,Invert,5
IN,UMI050-0017,IN-UMI050-0017,9/30/2004,40.78055556,-87.50472222,,,,,,Yes,,5,Invert,5
IN,UMI050-0066,IN-UMI050-0066,7/28/2009,40.75178082,-87.44006291,,,,,,Yes,,4,Invert,4
IN,UMI050-0067,IN-UMI050-0067,7/27/2009,40.80534561,-87.493126,,,,,,Yes,,4,Invert,4
IN,UMI050-0068,IN-UMI050-0068,7/27/2009,40.80318995,-87.46599343,,,,,,Yes,,4,Invert,4
IN,UMI050-0069,IN-UMI050-0069,7/28/2009,40.79125132,-87.37424665,,,,,,Yes,,4,Invert,4
IN,UMI070-0019,IN-UMI070-0019,7/27/2009,40.67271544,-87.2966499,,,,,,Yes,,4,Invert,4
IN,UMK010-0029,IN-UMK010-0029,7/14/2009,41.68556408,-86.48083052,,,,,,Yes,,5,Invert,5
IN,UMK020-0021,IN-UMK020-0021,7/13/2009,41.5483437,-86.40983301,,,,,,Yes,,4,Invert,4
IN,UMK020-0027,IN-UMK020-0027,7/13/2009,41.52413044,-86.47728046,,,,,,Yes,,4,Invert,4
IN,UMK030-0017,IN-UMK030-0017,9/29/2004,41.51819444,-86.68333333,,,,,,Yes,,4,Invert,4
IN,UMK030-0039,IN-UMK030-0039,7/14/2009,41.49693356,-86.79329403,,,,,,Yes,,4,Invert,4
IN,UMK030-0041,IN-UMK030-0041,7/14/2009,41.36024501,-86.72357423,,,,,,Yes,,3,Invert,3
IN,UMK040-0010,IN-UMK040-0010,7/14/2009,41.32484321,-86.73797653,,,,,,Yes,,4,Invert,4
IN,UMK050-0066,IN-UMK050-0066,7/13/2009,41.43697645,-86.17254543,,,,,,Yes,,4,Invert,4
IN,UMK050-0067,IN-UMK050-0067,7/20/2009,41.36702776,-86.22320097,,,,,,Yes,,3,Invert,3
IN,UMK050-0068,IN-UMK050-0068,7/13/2009,41.36928389,-86.26052871,,,,,,Yes,,4,Invert,4
IN,UMK060-0045,IN-UMK060-0045,8/18/2009,41.27846427,-86.78767084,,,,,,Yes,,3,Invert,3
IN,UMK060-0046,IN-UMK060-0046,7/20/2009,41.27606696,-86.43777786,,,,,,Yes,,4,Invert,4
IN,UMK060-0047,IN-UMK060-0047,8/18/2009,41.30620281,-86.63491157,,,,,,Yes,,3,Invert,3
IN,UMK060-0047,IN-UMK060-0047,8/18/2009,41.30620281,-86.63491157,,,,,,Yes,,4,Invert,4
IN,UMK060-0048,IN-UMK060-0048,7/14/2009,41.30642965,-86.72723825,,,,,,Yes,,4,Invert,4
IN,UMK080-0018,IN-UMK080-0018,8/5/2009,41.2416013,-86.92479372,,,,,,Yes,,4,Invert,4
IN,UMK090-0060,IN-UMK090-0060,7/14/2009,41.4498853,-86.90264902,,,,,,Yes,,5,Invert,5
IN,UMK090-0062,IN-UMK090-0062,7/14/2009,41.37311101,-86.96685129,,,,,,Yes,,4,Invert,4
IN,UMK090-0063,IN-UMK090-0063,7/15/2009,41.36355696,-87.07129219,,,,,,Yes,,4,Invert,4
IN,UMK100-0005,IN-UMK100-0005,9/29/2004,41.1875,-87.12833333,,,,,,Yes,,5,Invert,5
IN,UMK100-0012,IN-UMK100-0012,7/15/2009,41.21727544,-87.07861153,,,,,,Yes,,4,Invert,4
IN,UMK100-0014,IN-UMK100-0014,7/15/2009,41.2421997,-87.11252077,,,,,,Yes,,4,Invert,4
IN,UMK120-0019,IN-UMK120-0019,8/5/2009,41.179029,-87.36959756,,,,,,Yes,,4,Invert,4
IN,UMK130-0078,IN-UMK130-0078,8/11/2009,41.21937633,-87.29176542,,,,,,Yes,,5,Invert,5
IN,UMK130-0079,IN-UMK130-0079,8/11/2009,41.22558394,-87.40365737,,,,,,Yes,,4,Invert,4
IN,UMK140-0036,IN-UMK140-0036,8/3/2009,41.29469584,-87.51325246,,,,,,Yes,,4,Invert,4
IN,UMK140-0036,IN-UMK140-0036,8/3/2009,41.29469584,-87.51325246,,,,,,Yes,,4,Invert,4
IN,WAE040-0005,IN-WAE040-0005,9/23/2004,40.99388889,-85.78194444,,,,,,Yes,,4,Invert,4
IN,WAE040-0019,IN-WAE040-0019,7/14/2008,41.03766417,-85.70386861,,,,,,Yes,,5,Invert,5
IN,WAE060-0012,IN-WAE060-0012,7/15/2008,40.8256862,-86.11336948,,,,,,Yes,,4,Invert,4
IN,WAE060-0012,IN-WAE060-0012,7/15/2008,40.8256862,-86.11336948,,,,,,Yes,,4,Invert,4
IN,WAE070-0020,IN-WAE070-0020,7/15/2008,40.83467138,-86.22483397,,,,,,Yes,,4,Invert,4
IN,WAW010-0126,IN-WAW010-0126,7/24/2008,40.37856429,-86.05178641,,,,,,Yes,,4,Invert,4
IN,WAW020-0043,IN-WAW020-0043,10/6/2004,40.45472222,-86.73305556,,,,,,Yes,,3,Invert,3
IN,WAW020-0072,IN-WAW020-0072,10/6/2004,40.46444444,-86.63694444,,,,,,Yes,,4,Invert,4
IN,WAW020-0074,IN-WAW020-0074,10/6/2004,40.48277778,-86.51194444,,,,,,Yes,,4,Invert,4
IN,WAW020-0104,IN-WAW020-0104,7/16/2008,40.46355666,-86.24823154,,,,,,Yes,,4,Invert,4
IN,WAW030-0044,IN-WAW030-0044,7/16/2008,40.41667246,-86.41389408,,,,,,Yes,,4,Invert,4
IN,WBU030-0070,IN-WBU030-0070,9/14/2009,39.5930989,-87.39231299,,,,,,Yes,,4,Invert,4
IN,WBU050-0011,IN-WBU050-0011,9/21/2009,39.43892895,-87.44629395,,,,,,Yes,,4,Invert,4
IN,WBU070-0004,IN-WBU070-0004,9/23/2009,39.33877452,-87.5653678,,,,,,Yes,,4,Invert,4
IN,WBU070-0004,IN-WBU070-0004,9/23/2009,39.33877452,-87.5653678,,,,,,Yes,,4,Invert,4
IN,WBU070-0005,IN-WBU070-0005,9/21/2009,39.40361311,-87.48536326,,,,,,Yes,,4,Invert,4
IN,WBU070-0005,IN-WBU070-0005,9/21/2009,39.40361311,-87.48536326,,,,,,Yes,,4,Invert,4
IN,WBU130-0006,IN-WBU130-0006,8/10/2009,39.23704586,-87.40757716,,,,,,Yes,,4,Invert,4
IN,WBU150-0015,IN-WBU150-0015,9/22/2009,38.97444618,-87.53698496,,,,,,Yes,,4,Invert,4
IN,WBU150-0015,IN-WBU150-0015,9/22/2009,38.97444618,-87.53698496,,,,,,Yes,,4,Invert,4
IN,WBU160-0185,IN-WBU160-0185,9/14/2004,39.18694444,-87.27083333,,,,,,Yes,,5,Invert,5
IN,WBU160-0219,IN-WBU160-0219,8/10/2009,39.19358301,-87.33601934,,,,,,Yes,,3,Invert,3
IN,WBU190-0002,IN-WBU190-0002,9/15/2004,38.88138889,-87.34666667,,,,,,Yes,,5,Invert,5
IN,WBU200-0005,IN-WBU200-0005,9/15/2004,38.70111111,-87.49916667,,,,,,Yes,,4,Invert,4
IN,WBU200-0006,IN-WBU200-0006,9/15/2004,38.75166667,-87.48777778,,,,,,Yes,,4,Invert,4
IN,WBU200-0019,IN-WBU200-0019,8/4/2009,38.69211003,-87.44226693,,,,,,Yes,,5,Invert,5
IN,WDE020-0015,IN-WDE020-0015,7/28/2008,40.71990081,-86.51580776,,,,,,Yes,,3,Invert,3
IN,WDE040-0006,IN-WDE040-0006,7/24/2008,40.60809373,-86.02501895,,,,,,Yes,,5,Invert,5
IN,WDE050-0012,IN-WDE050-0012,10/5/2004,40.58611111,-86.66888889,,,,,,Yes,,3,Invert,3
IN,WDE050-0013,IN-WDE050-0013,10/13/2004,40.58972222,-86.62166667,,,,,,Yes,,4,Invert,4
IN,WDE050-0014,IN-WDE050-0014,10/6/2004,40.59,-86.46777778,,,,,,Yes,,3,Invert,3
IN,WDE050-0030,IN-WDE050-0030,7/24/2008,40.52577483,-86.23959501,,,,,,Yes,,5,Invert,5
IN,WDE050-0031,IN-WDE050-0031,7/15/2008,40.60804003,-86.37034006,,,,,,Yes,,3,Invert,3
IN,WDE070-0010,IN-WDE070-0010,7/28/2008,40.48484538,-86.83522694,,,,,,Yes,,3,Invert,3
IN,WED010-0011,IN-WED010-0011,10/21/2004,39.87388889,-85.43888889,,,,,,Yes,,4,Invert,4
IN,WED010-0047,IN-WED010-0047,7/24/2007,39.98501239,-85.3517326,,,,,,Yes,,5,Invert,5
IN,WED-01-0006,IN-WED-01-0006,7/16/2013,39.94459528,-85.37879957,,,,,,Yes,,4,Invert,4
IN,WED-01-0008,IN-WED-01-0008,7/17/2013,39.80558767,-85.42954839,,,,,,Yes,,4,Invert,4
IN,WED-01-0008,IN-WED-01-0008,7/15/2013,39.80558767,-85.42954839,,,,,,Yes,,4,Invert,4
IN,WED-02-0003,IN-WED-02-0003,7/15/2013,39.70787919,-85.51414869,,,,,,Yes,,5,Invert,5
IN,WED030-0008,IN-WED030-0008,10/21/2004,39.655,-85.57083333,,,,,,Yes,,3,Invert,3
IN,WED-03-0001,IN-WED-03-0001,7/17/2013,39.61836716,-85.80054133,,,,,,Yes,,4,Invert,4
IN,WED-03-0001,IN-WED-03-0001,7/17/2013,39.61836716,-85.80054133,,,,,,Yes,,4,Invert,4
IN,WED030-0028,IN-WED030-0028,7/30/2007,39.53976495,-85.72693629,,,,,,Yes,,3,Invert,3
IN,WED040-0003,IN-WED040-0003,10/21/2004,39.68694444,-85.77388889,,,,,,Yes,,3,Invert,3
IN,WED-05-0001,IN-WED-05-0001,7/29/2013,39.71379993,-85.95413945,,,,,,Yes,,4,Invert,4
IN,WED050-0016,IN-WED050-0016,7/30/2007,39.443892,-85.88859677,,,,,,Yes,,4,Invert,4
IN,WED-06-0002,IN-WED-06-0002,7/31/2013,39.46050335,-85.99497713,,,,,,Yes,,5,Invert,5
IN,WED-07-0001,IN-WED-07-0001,7/29/2013,39.36953801,-85.99488726,,,,,,Yes,,4,Invert,4
IN,WED-07-0003,IN-WED-07-0003,7/16/2013,39.45254055,-85.96772609,,,,,,Yes,,4,Invert,4
IN,WED080-0019,IN-WED080-0019,7/30/2007,39.62359482,-86.01955452,,,,,,Yes,,4,Invert,4
IN,WED100-0011,IN-WED100-0011,8/7/2007,39.32208203,-85.9814833,,,,,,Yes,,3,Invert,3
IN,WEF-01-0001,IN-WEF-01-0001,7/16/2013,39.87922715,-85.34732435,,,,,,Yes,,4,Invert,4
IN,WEF-02-0001,IN-WEF-02-0001,7/15/2013,39.48795633,-85.4754141,,,,,,Yes,,4,Invert,4
IN,WEF020-0015,IN-WEF020-0015,7/25/2007,39.55042095,-85.4944404,,,,,,Yes,,3,Invert,3
IN,WEF020-0016,IN-WEF020-0016,7/25/2007,39.63622914,-85.36149011,,,,,,Yes,,4,Invert,4
IN,WEF040-0013,IN-WEF040-0013,7/25/2007,39.62970873,-85.54871112,,,,,,Yes,,4,Invert,4
IN,WEF040-0013,IN-WEF040-0013,7/25/2007,39.62970873,-85.54871112,,,,,,Yes,,4,Invert,4
IN,WEF050-0006,IN-WEF050-0006,10/21/2004,39.36361111,-85.85805556,,,,,,Yes,,3,Invert,3
IN,WEF-06-0001,IN-WEF-06-0001,7/30/2013,39.260094,-85.92208196,,,,,,Yes,,3,Invert,3
IN,WEF-06-0001,IN-WEF-06-0001,7/30/2013,39.260094,-85.92208196,,,,,,Yes,,3,Invert,3
IN,WEF-06-0002,IN-WEF-06-0002,7/30/2013,39.33192521,-85.86121339,,,,,,Yes,,3,Invert,3
IN,WEF-06-0003,IN-WEF-06-0003,7/31/2013,39.39623744,-85.71640368,,,,,,Yes,,4,Invert,4
IN,WEL170-0019,IN-WEL170-0019,9/4/2007,38.53103422,-87.16033677,,,,,,Yes,,4,Invert,4
IN,WEL170-0021,IN-WEL170-0021,8/6/2007,38.52217625,-86.97444882,,,,,,Yes,,5,Invert,5
IN,WEU-01-0001,IN-WEU-01-0001,7/15/2013,39.27015288,-85.64463475,,,,,,Yes,,5,Invert,5
IN,WEU010-0039,IN-WEU010-0039,7/30/2007,39.38764378,-85.55871433,,,,,,Yes,,4,Invert,4
IN,WEU010-0040,IN-WEU010-0040,8/1/2007,39.2093675,-85.86791939,,,,,,Yes,,3,Invert,3
IN,WEU010-0041,IN-WEU010-0041,7/24/2007,39.49786494,-85.38461152,,,,,,Yes,,4,Invert,4
IN,WEU-03-0034,IN-WEU-03-0034,7/15/2013,39.26886604,-85.53076434,,,,,,Yes,,5,Invert,5
IN,WEU-03-0035,IN-WEU-03-0035,7/16/2013,39.31111096,-85.52359556,,,,,,Yes,,4,Invert,4
IN,WLV010-0028,IN-WLV010-0028,9/16/2009,40.47424658,-86.87529636,,,,,,Yes,,4,Invert,4
IN,WLV020-0033,IN-WLV020-0033,8/11/2009,40.35754087,-86.89901404,,,,,,Yes,,3,Invert,3
IN,WLV030-0047,IN-WLV030-0047,7/20/2009,40.33063642,-87.09834344,,,,,,Yes,,4,Invert,4
IN,WLV040-0056,IN-WLV040-0056,7/20/2009,40.53021031,-87.22194056,,,,,,Yes,,5,Invert,5
IN,WLV060-0005,IN-WLV060-0005,10/13/2004,40.30388889,-87.26305556,,,,,,Yes,,3,Invert,3
IN,WLV080-0015,IN-WLV080-0015,7/21/2009,40.19299972,-87.45969448,,,,,,Yes,,4,Invert,4
IN,WLV080-0016,IN-WLV080-0016,9/15/2009,40.1961292,-87.40193673,,,,,,Yes,,4,Invert,4
IN,WLV080-0016,IN-WLV080-0016,9/15/2009,40.1961292,-87.40193673,,,,,,Yes,,4,Invert,4
IN,WLV080-0017,IN-WLV080-0017,8/11/2009,40.21834927,-87.33925231,,,,,,Yes,,3,Invert,3
IN,WLV090-0010,IN-WLV090-0010,9/15/2009,40.13649138,-87.40395872,,,,,,Yes,,4,Invert,4
IN,WLV100-0017,IN-WLV100-0017,7/20/2009,40.20400161,-87.03331872,,,,,,Yes,,4,Invert,4
IN,WLV140-0009,IN-WLV140-0009,7/22/2009,39.91154115,-87.51211959,,,,,,Yes,,4,Invert,4
IN,WLV140-0010,IN-WLV140-0010,7/28/2009,39.89377406,-87.41372624,,,,,,Yes,,3,Invert,3
IN,WLV170-0017,IN-WLV170-0017,7/27/2009,39.68586627,-87.08814612,,,,,,Yes,,4,Invert,4
IN,WLV180-0041,IN-WLV180-0041,7/27/2009,39.66842158,-87.24580839,,,,,,Yes,,4,Invert,4
IN,WLV200-0007,IN-WLV200-0007,8/10/2009,39.76824786,-87.44628408,,,,,,Yes,,4,Invert,4
IN,WLV200-0008,IN-WLV200-0008,9/14/2009,39.76084799,-87.37976154,,,,,,Yes,,4,Invert,4
IN,WLW010-0003,IN-WLW010-0003,9/22/2009,38.64185081,-87.6170985,,,,,,Yes,,5,Invert,5
IN,WLW050-0003,IN-WLW050-0003,8/3/2009,38.34843089,-87.65687485,,,,,,Yes,,4,Invert,4
IN,WLW090-0007,IN-WLW090-0007,8/3/2009,38.27479006,-87.76801421,,,,,,Yes,,4,Invert,4
IN,WLW110-0014,IN-WLW110-0014,8/3/2009,38.10699045,-87.72418334,,,,,,Yes,,5,Invert,5
IN,WMI030-0004,IN-WMI030-0004,10/20/2004,40.2925,-85.31305556,,,,,,Yes,,3,Invert,3
IN,WMI030-0010,IN-WMI030-0010,7/22/2008,40.30628389,-85.30351194,,,,,,Yes,,4,Invert,4
IN,WMI030-0010,IN-WMI030-0010,7/22/2008,40.30628389,-85.30351194,,,,,,Yes,,4,Invert,4
IN,WMI040-0029,IN-WMI040-0029,7/22/2008,40.38311417,-85.43867528,,,,,,Yes,,4,Invert,4
IN,WMI050-0020,IN-WMI050-0020,7/21/2008,40.4559775,-85.57776278,,,,,,Yes,,3,Invert,3
IN,WPA-02-0001,IN-WPA-02-0001,7/11/2012,38.34953322,-86.91826691,,,,,,Yes,,5,Invert,5
IN,WPA-02-0004,IN-WPA-02-0004,7/11/2012,38.35190779,-86.92276087,,,,,,Yes,,5,Invert,5
IN,WPA020-0050,IN-WPA020-0050,9/6/2006,38.39691376,-86.91445475,,,,,,Yes,,5,Invert,5
IN,WPA030-0018,IN-WPA030-0018,8/8/2006,38.35344964,-86.89993772,,,,,,Yes,,4,Invert,4
IN,WPA-03-0009,IN-WPA-03-0009,7/18/2012,38.30294113,-86.92820208,,,,,,Yes,,5,Invert,5
IN,WPA-03-0011,IN-WPA-03-0011,7/16/2012,38.28519076,-86.90462656,,,,,,Yes,,5,Invert,5
IN,WPA-03-0012,IN-WPA-03-0012,7/23/2012,38.29011743,-86.92836719,,,,,,Yes,,5,Invert,5
IN,WPA-04-0003,IN-WPA-04-0003,8/20/2012,38.36454708,-87.00554526,,,,,,Yes,,5,Invert,5
IN,WPA-04-0003,IN-WPA-04-0003,8/20/2012,38.36454708,-87.00554526,,,,,,Yes,,4,Invert,4
IN,WPA040-0038,IN-WPA040-0038,7/25/2006,38.41784511,-87.00215186,,,,,,Yes,,5,Invert,5
IN,WPA040-0039,IN-WPA040-0039,9/6/2006,38.34418477,-86.99659561,,,,,,Yes,,4,Invert,4
IN,WPA-04-0004,IN-WPA-04-0004,9/12/2012,38.35340394,-86.98823146,,,,,,Yes,,5,Invert,5
IN,WPA-04-0004,IN-WPA-04-0004,9/12/2012,38.35340394,-86.98823146,,,,,,Yes,,4,Invert,4
IN,WPA040-0042,IN-WPA040-0042,7/31/2006,38.18971892,-86.93476346,,,,,,Yes,,5,Invert,5
IN,WPA040-0044,IN-WPA040-0044,7/31/2006,38.24345436,-86.86946302,,,,,,Yes,,4,Invert,4
IN,WPA040-0044,IN-WPA040-0044,7/31/2006,38.24345436,-86.86946302,,,,,,Yes,,5,Invert,5
IN,WPA040-0047,IN-WPA040-0047,10/12/2006,38.36619678,-87.04024663,,,,,,Yes,,4,Invert,4
IN,WPA040-0048,IN-WPA040-0048,7/31/2006,38.25295386,-86.90247174,,,,,,Yes,,4,Invert,4
IN,WPA040-0049,IN-WPA040-0049,9/6/2006,38.3354826,-86.9901383,,,,,,Yes,,4,Invert,4
IN,WPA040-0049,IN-WPA040-0049,9/6/2006,38.3354826,-86.9901383,,,,,,Yes,,5,Invert,5
IN,WPA-04-0010,IN-WPA-04-0010,7/9/2012,38.42153368,-86.91804775,,,,,,Yes,,5,Invert,5
IN,WPA-04-0013,IN-WPA-04-0013,7/25/2012,38.38310403,-87.01949243,,,,,,Yes,,4,Invert,4
IN,WPA-04-0017,IN-WPA-04-0017,8/22/2012,38.40756796,-86.91218045,,,,,,Yes,,5,Invert,5
IN,WPA-04-0017,IN-WPA-04-0017,8/22/2012,38.40756796,-86.91218045,,,,,,Yes,,6,Invert,6
IN,WPA-05-0001,IN-WPA-05-0001,8/7/2012,38.4206866,-87.11754852,,,,,,Yes,,4,Invert,4
IN,WPA050-0014,IN-WPA050-0014,7/26/2006,38.40404053,-87.07656974,,,,,,Yes,,4,Invert,4
IN,WPA050-0016,IN-WPA050-0016,7/26/2006,38.46801108,-87.15075501,,,,,,Yes,,4,Invert,4
IN,WPA050-0017,IN-WPA050-0017,7/26/2006,38.45994463,-87.13203985,,,,,,Yes,,4,Invert,4
IN,WPA-05-0002,IN-WPA-05-0002,7/10/2012,38.39270044,-87.05971505,,,,,,Yes,,5,Invert,5
IN,WPA-06-0003,IN-WPA-06-0003,8/27/2012,38.38275578,-87.29118279,,,,,,Yes,,6,Invert,6
IN,WPA-06-0003,IN-WPA-06-0003,8/27/2012,38.38275578,-87.29118279,,,,,,Yes,,4,Invert,4
IN,WPA060-0039,IN-WPA060-0039,8/1/2006,38.33061745,-87.10230212,,,,,,Yes,,5,Invert,5
IN,WPA060-0044,IN-WPA060-0044,10/11/2006,38.38345608,-87.26894068,,,,,,Yes,,4,Invert,4
IN,WPA060-0046,IN-WPA060-0046,8/1/2006,38.31869352,-87.08908269,,,,,,Yes,,4,Invert,4
IN,WPA060-0048,IN-WPA060-0048,8/1/2006,38.31851049,-87.12777244,,,,,,Yes,,4,Invert,4
IN,WPA-06-0005,IN-WPA-06-0005,8/27/2012,38.38281427,-87.23633486,,,,,,Yes,,6,Invert,6
IN,WPA-06-0007,IN-WPA-06-0007,8/21/2012,38.37403348,-87.18632168,,,,,,Yes,,4,Invert,4
IN,WPA-07-0001,IN-WPA-07-0001,7/25/2012,38.28763539,-87.24232553,,,,,,Yes,,6,Invert,6
IN,WPA070-0018,IN-WPA070-0018,8/1/2006,38.29460504,-87.24786282,,,,,,Yes,,4,Invert,4
IN,WPA070-0019,IN-WPA070-0019,8/1/2006,38.28973276,-87.22452731,,,,,,Yes,,4,Invert,4
IN,WPA070-0026,IN-WPA070-0026,7/24/2012,38.28724,-87.21935833,,,,,,Yes,,4,Invert,4
IN,WPA-07-0003,IN-WPA-07-0003,7/23/2012,38.25116014,-87.19287631,,,,,,Yes,,5,Invert,5
IN,WPA070-0034,IN-WPA070-0034,7/24/2012,38.28950806,-87.26560639,,,,,,Yes,,5,Invert,5
IN,WPA070-0039,IN-WPA070-0039,7/10/2012,38.33830722,-87.33048139,,,,,,Yes,,5,Invert,5
IN,WPA-07-0004,IN-WPA-07-0004,7/24/2012,38.32393264,-87.26192644,,,,,,Yes,,4,Invert,4
IN,WPA070-0040,IN-WPA070-0040,7/10/2012,38.37792583,-87.33679389,,,,,,Yes,,4,Invert,4
IN,WPA080-0041,IN-WPA080-0041,8/2/2006,38.35691968,-87.34312238,,,,,,Yes,,5,Invert,5
IN,WPA080-0042,IN-WPA080-0042,9/5/2006,38.39878553,-87.71170489,,,,,,Yes,,4,Invert,4
IN,WPA080-0045,IN-WPA080-0045,9/11/2006,38.39746613,-87.60202326,,,,,,Yes,,4,Invert,4
IN,WPA080-0047,IN-WPA080-0047,9/11/2006,38.39267635,-87.54823388,,,,,,Yes,,4,Invert,4
IN,WPA-08-0007,IN-WPA-08-0007,8/28/2012,38.3972236,-87.53671605,,,,,,Yes,,5,Invert,5
IN,WPA-08-0008,IN-WPA-08-0008,10/15/2012,38.39923057,-87.68849818,,,,,,Yes,,4,Invert,4
IN,WPA-08-0009,IN-WPA-08-0009,8/28/2012,38.38653898,-87.62282016,,,,,,Yes,,5,Invert,5
IN,WPA-08-0010,IN-WPA-08-0010,8/7/2012,38.33276542,-87.40158812,,,,,,Yes,,5,Invert,5
IN,WPA-08-0011,IN-WPA-08-0011,10/15/2012,38.39791989,-87.69452446,,,,,,Yes,,4,Invert,4
IN,WSA040-0023,IN-WSA040-0023,7/21/2008,40.76064472,-85.51411278,,,,,,Yes,,4,Invert,4
IN,WSA-04-0004,IN-WSA-04-0004,7/25/2011,40.77649156,-85.4933216,,,,,,Yes,,4,Invert,4
IN,WSU020-0009,IN-WSU020-0009,10/12/2004,40.10777778,-86.79388889,,,,,,Yes,,3,Invert,3
IN,WSU020-0015,IN-WSU020-0015,7/20/2009,40.14340826,-86.70051246,,,,,,Yes,,4,Invert,4
IN,WSU040-0018,IN-WSU040-0018,7/22/2009,40.05779397,-86.87137254,,,,,,Yes,,3,Invert,3
IN,WSU040-0020,IN-WSU040-0020,7/22/2009,40.08778676,-86.85247733,,,,,,Yes,,4,Invert,4
IN,WSU060-0023,IN-WSU060-0023,7/22/2009,39.96248633,-87.17475111,,,,,,Yes,,3,Invert,3
IN,WSU060-0024,IN-WSU060-0024,7/21/2009,39.98645471,-87.11234302,,,,,,Yes,,4,Invert,4
IN,WTI010-0006,IN-WTI010-0006,8/5/2013,41.26884059,-85.67136839,,,,,,Yes,,4,Invert,4
IN,WTI010-0011,IN-WTI010-0011,8/5/2013,41.27372635,-85.62270279,,,,,,Yes,,5,Invert,5
IN,WTI030-0026,IN-WTI030-0026,7/15/2008,41.24191725,-85.96008106,,,,,,Yes,,3,Invert,3
IN,WTI030-0027,IN-WTI030-0027,7/22/2008,41.25352042,-85.89007585,,,,,,Yes,,3,Invert,3
IN,WTI030-0027,IN-WTI030-0027,7/22/2008,41.25352042,-85.89007585,,,,,,Yes,,4,Invert,4
IN,WTI040-0041,IN-WTI040-0041,7/15/2008,41.22827735,-86.10527324,,,,,,Yes,,4,Invert,4
IN,WTI040-0042,IN-WTI040-0042,7/15/2008,41.12164846,-86.18064885,,,,,,Yes,,4,Invert,4
IN,WTI050-0006,IN-WTI050-0006,9/28/2004,41.09166667,-86.23138889,,,,,,Yes,,4,Invert,4
IN,WTI050-0033,IN-WTI050-0033,7/15/2008,40.99804829,-86.09568263,,,,,,Yes,,4,Invert,4
IN,WTI060-0013,IN-WTI060-0013,9/29/2004,41.17902778,-86.54055556,,,,,,Yes,,5,Invert,5
IN,WTI060-0034,IN-WTI060-0034,7/16/2008,41.22601792,-86.55598102,,,,,,Yes,,5,Invert,5
IN,WTI060-0035,IN-WTI060-0035,7/16/2008,41.21679759,-86.52316305,,,,,,Yes,,5,Invert,5
IN,WTI080-0003,IN-WTI080-0003,9/27/2004,40.97277778,-86.65972222,,,,,,Yes,,3,Invert,3
IN,WTI080-0004,IN-WTI080-0004,9/27/2004,40.98361111,-86.6475,,,,,,Yes,,4,Invert,4
IN,WTI090-0005,IN-WTI090-0005,7/15/2008,40.89016617,-86.46588658,,,,,,Yes,,5,Invert,5
IN,WTI100-0003,IN-WTI100-0003,7/16/2008,40.94544235,-86.71827512,,,,,,Yes,,4,Invert,4
IN,WTI110-0038,IN-WTI110-0038,7/21/2008,41.16009711,-86.82105021,,,,,,Yes,,5,Invert,5
IN,WTI120-0005,IN-WTI120-0005,10/13/2004,40.78472222,-86.79416667,,,,,,Yes,,4,Invert,4
IN,WTI120-0012,IN-WTI120-0012,7/21/2008,40.83774549,-86.92927792,,,,,,Yes,,5,Invert,5
IN,WTI150-0018,IN-WTI150-0018,7/21/2008,40.60420275,-86.75404101,,,,,,Yes,,3,Invert,3
IN,WUW040-0002,IN-WUW040-0002,9/21/2004,40.56805556,-84.84861111,,,,,,Yes,,4,Invert,4
IN,WUW060-0010,IN-WUW060-0010,7/14/2008,40.709545,-85.136185,,,,,,Yes,,4,Invert,4
IN,WUW080-0013,IN-WUW080-0013,7/14/2008,40.79253528,-85.32343611,,,,,,Yes,,4,Invert,4
IN,WUW090-0004,IN-WUW090-0004,9/21/2004,40.84611111,-85.47111111,,,,,,Yes,,4,Invert,4
IN,WUW100-0008,IN-WUW100-0008,7/14/2008,41.05153694,-85.41830389,,,,,,Yes,,5,Invert,5
IN,WUW110-0004,IN-WUW110-0004,9/22/2004,40.91472222,-85.31916667,,,,,,Yes,,4,Invert,4
IN,WUW130-0002,IN-WUW130-0002,7/14/2008,41.01085861,-85.52707083,,,,,,Yes,,4,Invert,4
IN,WUW-14-0001,IN-WUW-14-0001,7/25/2011,40.76802881,-85.89575523,,,,,,Yes,,4,Invert,4
IN,WUW150-0008,IN-WUW150-0008,7/28/2008,40.82305971,-85.76074535,,,,,,Yes,,4,Invert,4
IN,WUW170-0034,IN-WUW170-0034,7/24/2008,40.55095583,-85.94911472,,,,,,Yes,,5,Invert,5
IN,WUW180-0009,IN-WUW180-0009,7/28/2008,40.75477268,-86.2765555,,,,,,Yes,,3,Invert,3
IN,WWE020-0008,IN-WWE020-0008,9/9/2004,39.70305556,-86.79,,,,,,Yes,,3,Invert,3
IN,WWE020-0010,IN-WWE020-0010,9/9/2004,39.73138889,-86.76777778,,,,,,Yes,,3,Invert,3
IN,WWE-04-0003,IN-WWE-04-0003,7/12/2011,39.72372837,-86.7676599,,,,,,Yes,,3,Invert,3
IN,WWE-05-0005,IN-WWE-05-0005,7/11/2011,39.57947686,-86.65443874,,,,,,Yes,,4,Invert,4
IN,WWE060-0036,IN-WWE060-0036,7/17/2006,39.5102899,-86.7015573,,,,,,Yes,,4,Invert,4
IN,WWE060-0039,IN-WWE060-0039,10/12/2006,39.57607017,-86.63179587,,,,,,Yes,,4,Invert,4
IN,WWE070-0010,IN-WWE070-0010,7/18/2006,39.53276241,-87.04182105,,,,,,Yes,,3,Invert,3
IN,WWE-07-0003,IN-WWE-07-0003,7/13/2011,39.38126885,-87.04483995,,,,,,Yes,,4,Invert,4
IN,WWE-07-0004,IN-WWE-07-0004,10/12/2011,39.34502737,-87.08710743,,,,,,Yes,,3,Invert,3
IN,WWE080-0011,IN-WWE080-0011,7/18/2006,39.50647137,-87.1192335,,,,,,Yes,,5,Invert,5
IN,WWE-08-0003,IN-WWE-08-0003,7/26/2011,39.19791691,-87.11789472,,,,,,Yes,,4,Invert,4
IN,WWE090-0005,IN-WWE090-0005,9/14/2004,39.19833333,-87.13583333,,,,,,Yes,,4,Invert,4
IN,WWE090-0043,IN-WWE090-0043,10/10/2006,39.20793697,-87.147341,,,,,,Yes,,4,Invert,4
IN,WWE090-0044,IN-WWE090-0044,7/18/2006,39.31839626,-87.09601315,,,,,,Yes,,5,Invert,5
IN,WWL-03-0008,IN-WWL-03-0008,8/10/2011,39.03471445,-86.90866396,,,,,,Yes,,4,Invert,4
IN,WWL-03-0009,IN-WWL-03-0009,8/9/2011,38.97634899,-86.918108,,,,,,Yes,,5,Invert,5
IN,WWL-03-0021,IN-WWL-03-0021,8/10/2011,39.0272846,-86.87035507,,,,,,Yes,,3,Invert,3
IN,WWL-04-0001,IN-WWL-04-0001,7/18/2011,39.06781938,-87.06279208,,,,,,Yes,,4,Invert,4
IN,WWL-05-0001,IN-WWL-05-0001,10/4/2011,38.98352553,-86.95324649,,,,,,Yes,,4,Invert,4
IN,WWL050-0036,IN-WWL050-0036,10/2/2006,38.9213891,-87.08305013,,,,,,Yes,,4,Invert,4
IN,WWL050-0036,IN-WWL050-0036,10/2/2006,38.9213891,-87.08305013,,,,,,Yes,,4,Invert,4
IN,WWL050-0038,IN-WWL050-0038,7/25/2006,38.97897135,-87.05755991,,,,,,Yes,,5,Invert,5
IN,WWL060-0010,IN-WWL060-0010,9/14/2004,39.03805556,-87.10875,,,,,,Yes,,4,Invert,4
IN,WWL-07-0002,IN-WWL-07-0002,7/18/2011,38.71803814,-87.16514395,,,,,,Yes,,4,Invert,4
IN,WWL-08-0003,IN-WWL-08-0003,9/13/2011,38.68925828,-87.27075395,,,,,,Yes,,4,Invert,4
IN,WWL-08-0004,IN-WWL-08-0004,10/5/2011,38.81237547,-87.24277574,,,,,,Yes,,4,Invert,4
IN,WWL080-0041,IN-WWL080-0041,7/25/2006,38.71347662,-87.19569908,,,,,,Yes,,4,Invert,4
IN,WWL090-0030,IN-WWL090-0030,10/3/2006,38.5595569,-87.23887313,,,,,,Yes,,4,Invert,4
IN,WWL090-0031,IN-WWL090-0031,7/25/2006,38.60541325,-87.18288836,,,,,,Yes,,4,Invert,4
IN,WWL100-0021,IN-WWL100-0021,10/4/2006,38.44770635,-87.66822426,,,,,,Yes,,4,Invert,4
IN,WWL100-0023,IN-WWL100-0023,10/3/2006,38.53959992,-87.38963061,,,,,,Yes,,4,Invert,4
IN,WWL-10-0004,IN-WWL-10-0004,9/12/2011,38.50646445,-87.54710148,,,,,,Yes,,4,Invert,4
IN,WWL-10-0005,IN-WWL-10-0005,9/14/2011,38.52701303,-87.33170147,,,,,,Yes,,4,Invert,4
IN,WWU010-0015,IN-WWU010-0015,10/20/2004,40.16638889,-85.18375,,,,,,Yes,,4,Invert,4
IN,WWU010-0037,IN-WWU010-0037,7/17/2006,40.08040297,-85.22127026,,,,,,Yes,,4,Invert,4
IN,WWU010-0039,IN-WWU010-0039,7/17/2006,40.187928,-84.93141703,,,,,,Yes,,4,Invert,4
IN,WWU-01-0006,IN-WWU-01-0006,7/11/2011,40.15774577,-85.3317396,,,,,,Yes,,4,Invert,4
IN,WWU-03-0001,IN-WWU-03-0001,7/12/2011,40.18141219,-85.4884506,,,,,,Yes,,4,Invert,4
IN,WWU-03-0002,IN-WWU-03-0002,8/17/2011,40.11573238,-85.70198457,,,,,,Yes,,3,Invert,3
IN,WWU040-0034,IN-WWU040-0034,7/18/2006,40.19393958,-85.59402751,,,,,,Yes,,4,Invert,4
IN,WWU-05-0001,IN-WWU-05-0001,7/11/2011,40.20015046,-85.87730341,,,,,,Yes,,4,Invert,4
IN,WWU050-0010,IN-WWU050-0010,10/20/2004,40.26305556,-85.7,,,,,,Yes,,4,Invert,4
IN,WWU-07-0001,IN-WWU-07-0001,10/11/2011,40.13207388,-85.95249793,,,,,,Yes,,3,Invert,3
IN,WWU-07-0002,IN-WWU-07-0002,10/11/2011,39.98055351,-86.03315067,,,,,,Yes,,4,Invert,4
IN,WWU-07-0002,IN-WWU-07-0002,10/11/2011,39.98055351,-86.03315067,,,,,,Yes,,4,Invert,4
IN,WWU070-0043,IN-WWU070-0043,7/19/2006,40.13587067,-85.95703754,,,,,,Yes,,3,Invert,3
IN,WWU-08-0004,IN-WWU-08-0004,7/27/2011,39.98358434,-85.50448763,,,,,,Yes,,4,Invert,4
IN,WWU080-0042,IN-WWU080-0042,7/18/2006,40.26469451,-86.01082881,,,,,,Yes,,4,Invert,4
IN,WWU080-0043,IN-WWU080-0043,7/18/2006,40.22823624,-86.22247729,,,,,,Yes,,5,Invert,5
IN,WWU-09-0002,IN-WWU-09-0002,8/1/2011,39.78024,-86.18719427,,,,,,Yes,,4,Invert,4
IN,WWU-09-0003,IN-WWU-09-0003,7/13/2011,39.86382643,-86.05170975,,,,,,Yes,,3,Invert,3
IN,WWU090-0033,IN-WWU090-0033,7/19/2006,39.90898492,-86.1054832,,,,,,Yes,,4,Invert,4
IN,WWU-09-0004,IN-WWU-09-0004,7/12/2011,40.01898601,-85.84892475,,,,,,Yes,,4,Invert,4
IN,WWU-10-0002,IN-WWU-10-0002,7/13/2011,39.93721196,-86.10323236,,,,,,Yes,,5,Invert,5
IN,WWU100-0038,IN-WWU100-0038,7/18/2006,39.97031861,-85.61447833,,,,,,Yes,,5,Invert,5
IN,WWU110-0013,IN-WWU110-0013,7/19/2006,39.88645644,-85.95321592,,,,,,Yes,,4,Invert,4
IN,WWU-11-0004,IN-WWU-11-0004,7/13/2011,39.86597744,-86.24554555,,,,,,Yes,,5,Invert,5
IN,WWU-11-0005,IN-WWU-11-0005,7/19/2011,39.72427286,-86.19600909,,,,,,Yes,,4,Invert,4
IN,WWU120-0079,IN-WWU120-0079,7/24/2006,39.99879047,-86.23968241,,,,,,Yes,,4,Invert,4
IN,WWU120-0079,IN-WWU120-0079,7/24/2006,39.99879047,-86.23968241,,,,,,Yes,,4,Invert,4
IN,WWU-13-0003,IN-WWU-13-0003,7/25/2011,39.59170304,-86.36779727,,,,,,Yes,,3,Invert,3
IN,WWU-13-0003,IN-WWU-13-0003,7/25/2011,39.59170304,-86.36779727,,,,,,Yes,,3,Invert,3
IN,WWU130-0047,IN-WWU130-0047,10/2/2006,39.76559015,-86.17323808,,,,,,Yes,,5,Invert,5
IN,WWU-13-0006,IN-WWU-13-0006,7/11/2011,39.86078254,-86.43346738,,,,,,Yes,,4,Invert,4
IN,WWU-14-0003,IN-WWU-14-0003,7/20/2011,39.45001614,-86.30621101,,,,,,Yes,,4,Invert,4
IN,WWU140-0038,IN-WWU140-0038,10/11/2006,39.50245165,-86.34842039,,,,,,Yes,,4,Invert,4
IN,WWU-14-0004,IN-WWU-14-0004,7/20/2011,39.44681454,-86.29830901,,,,,,Yes,,3,Invert,3
IN,WWU-14-0005,IN-WWU-14-0005,7/25/2011,39.46688729,-86.31262093,,,,,,Yes,,3,Invert,3
IN,WWU150-0018,IN-WWU150-0018,9/8/2004,39.64634222,-86.34658972,,,,,,Yes,,4,Invert,4
IN,WWU150-0044,IN-WWU150-0044,7/10/2006,39.59888422,-86.36656327,,,,,,Yes,,4,Invert,4
IN,WWU150-0045,IN-WWU150-0045,7/24/2006,39.76399751,-86.41861523,,,,,,Yes,,4,Invert,4
IN,WWU150-0046,IN-WWU150-0046,7/24/2006,39.85504408,-86.39612756,,,,,,Yes,,4,Invert,4
IN,WWU150-0047,IN-WWU150-0047,7/24/2006,39.75530477,-86.31063194,,,,,,Yes,,4,Invert,4
IN,OBS140-0007,IN-OBS140-0007,8/16/2005,38.385809,-86.247201,,,,,,Yes,,2,Invert,2
IN,OBS010-0004,IN-OBS010-0004,8/9/2005,38.052534,-85.995299,,,,,,Yes,,2,Invert,2
IN,OBS180-0025,IN-OBS180-0025,9/7/2010,38.17729963,-86.41355612,,,,,,Yes,,2,Invert,2
IN,WWL-03-0031,IN-WWL-03-0031,8/9/2011,39.12954841,-86.69571698,,,,,,Yes,,2,Invert,2
IN,OBS150-0021,IN-OBS150-0021,8/15/2005,38.225928,-86.278331,,,,,,Yes,,2,Invert,2
IN,OBS090-0007,IN-OBS090-0007,8/10/2005,38.310453,-86.039696,,,,,,Yes,,3,Invert,3
IN,OBS140-0008,IN-OBS140-0008,10/16/2005,38.394606,-86.252253,,,,,,Yes,,3,Invert,3
IN,WEL-09-0001,IN-WEL-09-0001,8/21/2013,38.91401264,-86.64867662,,,,,,Yes,,3,Invert,3
IN,WWL-03-0038,IN-WWL-03-0038,8/10/2011,39.12100886,-86.78608851,,,,,,Yes,,2,Invert,2
IN,WEL030-0004,IN-WEL030-0004,11/15/2004,38.80222222,-86.29527778,,,,,,Yes,,3,Invert,3
IN,WEM020-0022,IN-WEM020-0022,10/4/2007,39.02889167,-85.29721944,,,,,,Yes,,3,Invert,3
IN,WWE-02-0002,IN-WWE-02-0002,7/19/2011,39.65145935,-86.93575016,,,,,,Yes,,3,Invert,3
IN,WWL-03-0035,IN-WWL-03-0035,8/8/2011,39.1698485,-86.68285303,,,,,,Yes,,3,Invert,3
IN,OSK-02-0016,IN-OSK-02-0016,10/4/2012,38.75840889,-85.24781404,,,,,,Yes,,3,Invert,3
IN,WEL110-0017,IN-WEL110-0017,8/1/2007,38.79741974,-86.70419597,,,,,,Yes,,3,Invert,3
IN,WPA010-0045,IN-WPA010-0045,7/31/2006,38.47067154,-86.49785181,,,,,,Yes,,3,Invert,3
IN,WWL-03-0033,IN-WWL-03-0033,8/15/2011,39.00115825,-86.83516214,,,,,,Yes,,3,Invert,3
IN,OSK030-0009,IN-OSK030-0009,10/25/2004,38.78861111,-85.28305556,,,,,,Yes,,4,Invert,4
IN,OSK-02-0016,IN-OSK-02-0016,10/4/2012,38.75840889,-85.24781404,,,,,,Yes,,4,Invert,4
IN,WEL090-0013,IN-WEL090-0013,10/27/2004,38.96194444,-86.36888889,,,,,,Yes,,4,Invert,4
IN,WEM020-0038,IN-WEM020-0038,10/2/2007,38.95271944,-85.48866944,,,,,,Yes,,4,Invert,4
IN,OBS140-0006,IN-OBS140-0006,8/23/2005,38.35200892,-86.27965626,,,,,,Yes,,4,Invert,4
IN,OBS200-0006,IN-OBS200-0006,8/15/2005,38.093694,-86.48516,,,,,,Yes,,4,Invert,4
IN,OML070-0021,IN-OML070-0021,8/17/2010,39.02698341,-85.22199417,,,,,,Yes,,4,Invert,4
IN,OBS180-0019,IN-OBS180-0019,8/16/2005,38.329794,-86.476179,,,,,,Yes,,4,Invert,4
IN,WEL110-0016,IN-WEL110-0016,8/1/2007,38.93314798,-86.68766356,,,,,,Yes,,4,Invert,4
IN,WEM020-0025,IN-WEM020-0025,10/1/2007,38.99945833,-85.36087778,,,,,,Yes,,4,Invert,4
IN,WWL-03-0036,IN-WWL-03-0036,8/15/2011,39.06440624,-86.77435887,,,,,,Yes,,4,Invert,4
IN,WWL-03-0032,IN-WWL-03-0032,8/16/2011,39.05895053,-86.74677328,,,,,,Yes,,4,Invert,4
IN,OSK030-0012,IN-OSK030-0012,10/26/2004,38.83916667,-85.26027778,,,,,,Yes,,4,Invert,4
IN,WEM-02-0001,IN-WEM-02-0001,8/6/2013,38.93877027,-85.47640583,,,,,,Yes,,4,Invert,4
IN,OML070-0015,IN-OML070-0015,8/2/2005,38.972685,-85.045656,,,,,,Yes,,4,Invert,4
IN,WPA020-0056,IN-WPA020-0056,9/7/2006,38.47055028,-86.76182094,,,,,,Yes,,5,Invert,5
IN,OML060-0017,IN-OML060-0017,8/16/2010,39.2725793,-85.30048398,,,,,,Yes,,5,Invert,5
IN,WEM020-0031,IN-WEM020-0031,10/2/2007,38.977825,-85.47490556,,,,,,Yes,,4,Invert,4
IN,WEM-07-0005,IN-WEM-07-0005,10/21/2013,38.91423263,-85.83048217,,,,,,Yes,,5,Invert,5
IN,OBS080-0008,IN-OBS080-0008,8/8/2005,38.364097,-85.936711,,,,,,Yes,,5,Invert,5
IN,OSK140-0042,IN-OSK140-0042,7/12/2010,38.45674175,-85.76136669,,,,,,Yes,,5,Invert,5
IN,WEL-04-0001,IN-WEL-04-0001,8/26/2013,39.05024368,-86.28270753,,,,,,Yes,,5,Invert,5
IN,WEL-13-0024,IN-WEL-13-0024,7/29/2013,38.61127104,-86.58893613,,,,,,Yes,,5,Invert,5
IN,OSK-02-0017,IN-OSK-02-0017,10/4/2012,38.72164839,-85.20768911,,,,,,Yes,,5,Invert,5
IN,WEM-08-0003,IN-WEM-08-0003,8/20/2013,38.70089706,-85.79337602,,,,,,Yes,,5,Invert,5
IN,WPA-04-0008,IN-WPA-04-0008,7/17/2012,38.43416929,-86.80401755,,,,,,Yes,,6,Invert,6
IN,OBS090-0009,IN-OBS090-0009,8/25/2010,38.21650726,-86.12927067,,,,,,Yes,,2,Invert,2
IN,OBS140-0010,IN-OBS140-0010,8/24/2010,38.41939033,-86.23001017,,,,,,Yes,,2,Invert,2
IN,OBS180-0021,IN-OBS180-0021,8/10/2005,38.295893,-86.521328,,,,,,Yes,,4,Invert,4
IN,OML060-0019,IN-OML060-0019,8/17/2010,39.16019008,-85.2524487,,,,,,Yes,,4,Invert,4
IN,OSK070-0014,IN-OSK070-0014,8/8/2005,38.539273,-85.591064,,,,,,Yes,,3,Invert,3
IN,OSK140-0041,IN-OSK140-0041,8/30/2010,38.34306687,-85.77753296,,,,,,Yes,,5,Invert,5
IN,WEL-01-0003,IN-WEL-01-0003,7/29/2013,38.70966657,-86.20826039,,,,,,Yes,,5,Invert,5
IN,WEL-09-0001,IN-WEL-09-0001,8/21/2013,38.91401264,-86.64867662,,,,,,Yes,,3,Invert,3
IN,WEM020-0015,IN-WEM020-0015,7/24/2007,38.91629314,-85.59884733,,,,,,Yes,,3,Invert,3
IN,WEM020-0029,IN-WEM020-0029,10/3/2007,38.99251944,-85.30600833,,,,,,Yes,,6,Invert,6
IN,WPA020-0052,IN-WPA020-0052,10/11/2006,38.42824846,-86.8703491,,,,,,Yes,,5,Invert,5
IN,OBS050-0009,IN-OBS050-0009,8/9/2005,38.130323,-86.067284,,,,,,Yes,,4,Invert,4
IN,OBS090-0005,IN-OBS090-0005,8/9/2005,38.229243,-86.122343,,,,,,Yes,,3,Invert,3
IN,OBS090-0007,IN-OBS090-0007,8/10/2005,38.310453,-86.039696,,,,,,Yes,,4,Invert,4
IN,OBS090-0008,IN-OBS090-0008,8/25/2010,38.27922088,-86.10687332,,,,,,Yes,,4,Invert,4
IN,OBS090-0011,IN-OBS090-0011,8/24/2010,38.27208925,-86.01471654,,,,,,Yes,,4,Invert,4
IN,OBS120-0015,IN-OBS120-0015,9/8/2010,38.57672029,-86.16465321,,,,,,Yes,,3,Invert,3
IN,OBS120-0016,IN-OBS120-0016,7/27/2010,38.46035763,-86.16376971,,,,,,Yes,,3,Invert,3
IN,OBS130-0002,IN-OBS130-0002,8/6/2013,38.43456226,-86.18339912,,,,,,Yes,,3,Invert,3
IN,OBS130-0007,IN-OBS130-0007,8/9/2005,38.438906,-86.055801,,,,,,Yes,,4,Invert,4
IN,OBS140-0006,IN-OBS140-0006,8/6/2013,38.35200892,-86.27965626,,,,,,Yes,,4,Invert,4
IN,OBS140-0010,IN-OBS140-0010,8/24/2010,38.41939033,-86.23001017,,,,,,Yes,,3,Invert,3
IN,OBS150-0001,IN-OBS150-0001,8/7/2013,38.18746,-86.317677,,,,,,Yes,,5,Invert,5
IN,OBS150-0020,IN-OBS150-0020,9/19/2005,38.189061,-86.311179,,,,,,Yes,,5,Invert,5
IN,OBS150-0020,IN-OBS150-0020,8/7/2013,38.189061,-86.311179,,,,,,Yes,,5,Invert,5
IN,OBS150-0021,IN-OBS150-0021,8/7/2013,38.225928,-86.278331,,,,,,Yes,,3,Invert,3
IN,OBS150-0022,IN-OBS150-0022,8/24/2005,38.284704,-86.275098,,,,,,Yes,,3,Invert,3
IN,OBS150-0024,IN-OBS150-0024,9/7/2010,38.22925555,-86.22512602,,,,,,Yes,,2,Invert,2
IN,OBS150-0025,IN-OBS150-0025,7/26/2010,38.22380481,-86.26715608,,,,,,Yes,,3,Invert,3
IN,OBS150-0027,IN-OBS150-0027,7/28/2010,38.29977718,-86.26480299,,,,,,Yes,,2,Invert,2
IN,OBS180-0022,IN-OBS180-0022,7/28/2010,38.34339913,-86.44017923,,,,,,Yes,,4,Invert,4
IN,OBS180-0022,IN-OBS180-0022,7/28/2010,38.34339913,-86.44017923,,,,,,Yes,,4,Invert,4
IN,OBS200-0006,IN-OBS200-0006,8/15/2005,38.093694,-86.48516,,,,,,Yes,,4,Invert,4
IN,OBS200-0007,IN-OBS200-0007,8/3/2005,38.157257,-86.579282,,,,,,Yes,,4,Invert,4
IN,OLP040-0006,IN-OLP040-0006,8/2/2005,37.958688,-86.701095,,,,,,Yes,,4,Invert,4
IN,OLP060-0011,IN-OLP060-0011,8/3/2005,38.178874,-86.629495,,,,,,Yes,,6,Invert,6
IN,OLP060-0011,IN-OLP060-0011,8/3/2005,38.178874,-86.629495,,,,,,Yes,,6,Invert,6
IN,OLP070-0016,IN-OLP070-0016,8/2/2005,38.078632,-86.780367,,,,,,Yes,,4,Invert,4
IN,OLP070-0064,IN-OLP070-0064,8/31/2010,38.07801917,-86.78055232,,,,,,Yes,,4,Invert,4
IN,OLP070-0064,IN-OLP070-0064,8/31/2010,38.07801917,-86.78055232,,,,,,Yes,,5,Invert,5
IN,OML030-0010,IN-OML030-0010,8/1/2005,39.170711,-84.875338,,,,,,Yes,,4,Invert,4
IN,OML030-0011,IN-OML030-0011,9/21/2005,39.118592,-84.871504,,,,,,Yes,,5,Invert,5
IN,OML030-0015,IN-OML030-0015,8/16/2010,39.17403505,-84.93969919,,,,,,Yes,,4,Invert,4
IN,OML040-0008,IN-OML040-0008,8/1/2005,39.075666,-85.117761,,,,,,Yes,,4,Invert,4
IN,OML040-0012,IN-OML040-0012,8/16/2010,39.11148234,-84.99043145,,,,,,Yes,,4,Invert,4
IN,OML040-0014,IN-OML040-0014,8/16/2010,39.05184113,-84.9945439,,,,,,Yes,,4,Invert,4
IN,OML060-0013,IN-OML060-0013,9/20/2005,39.097321,-85.244343,,,,,,Yes,,5,Invert,5
IN,OML070-0015,IN-OML070-0015,8/2/2005,38.972685,-85.045656,,,,,,Yes,,4,Invert,4
IN,OML080-0009,IN-OML080-0009,9/20/2005,38.998714,-84.948497,,,,,,Yes,,5,Invert,5
IN,OML200-0004,IN-OML200-0004,8/2/2005,38.776415,-85.078803,,,,,,Yes,,4,Invert,4
IN,OML200-0018,IN-OML200-0018,8/17/2010,38.77960127,-85.07996286,,,,,,Yes,,4,Invert,4
IN,OSK-02-0001,IN-OSK-02-0001,9/24/2012,38.93664182,-85.29823686,,,,,,Yes,,5,Invert,5
IN,OSK-02-0002,IN-OSK-02-0002,9/24/2012,38.94206807,-85.27400804,,,,,,Yes,,6,Invert,6
IN,OSK-02-0003,IN-OSK-02-0003,10/9/2012,38.8897686,-85.28262527,,,,,,Yes,,4,Invert,4
IN,OSK-02-0004,IN-OSK-02-0004,10/9/2012,38.877657,-85.2580164,,,,,,Yes,,4,Invert,4
IN,OSK-02-0005,IN-OSK-02-0005,10/4/2012,38.87516751,-85.25368532,,,,,,Yes,,4,Invert,4
IN,OSK-02-0006,IN-OSK-02-0006,9/24/2012,38.92025398,-85.2304114,,,,,,Yes,,5,Invert,5
IN,OSK-02-0007,IN-OSK-02-0007,10/9/2012,38.83976599,-85.26034599,,,,,,Yes,,4,Invert,4
IN,OSK-02-0008,IN-OSK-02-0008,10/9/2012,38.8126233,-85.26995193,,,,,,Yes,,5,Invert,5
IN,OSK-02-0009,IN-OSK-02-0009,10/10/2012,38.79072369,-85.26942806,,,,,,Yes,,4,Invert,4
IN,OSK-02-0010,IN-OSK-02-0010,9/26/2012,38.80824608,-85.23903832,,,,,,Yes,,4,Invert,4
IN,OSK-02-0011,IN-OSK-02-0011,9/26/2012,38.81077802,-85.23722946,,,,,,Yes,,5,Invert,5
IN,OSK-02-0012,IN-OSK-02-0012,9/25/2012,38.90615004,-85.35583616,,,,,,Yes,,6,Invert,6
IN,OSK-02-0013,IN-OSK-02-0013,9/25/2012,38.87721942,-85.3639047,,,,,,Yes,,4,Invert,4
IN,OSK-02-0014,IN-OSK-02-0014,10/10/2012,38.7879494,-85.2825835,,,,,,Yes,,4,Invert,4
IN,OSK-02-0015,IN-OSK-02-0015,10/10/2012,38.78646836,-85.28155238,,,,,,Yes,,4,Invert,4
IN,OSK-02-0020,IN-OSK-02-0020,10/10/2012,38.8258542,-85.33583361,,,,,,Yes,,4,Invert,4
IN,OSK-02-0021,IN-OSK-02-0021,9/25/2012,38.82442958,-85.34412569,,,,,,Yes,,5,Invert,5
IN,OSK-02-0022,IN-OSK-02-0022,9/25/2012,38.8473788,-85.3486059,,,,,,Yes,,5,Invert,5
IN,OSK-02-0022,IN-OSK-02-0022,9/25/2012,38.8473788,-85.3486059,,,,,,Yes,,5,Invert,5
IN,OSK030-0015,IN-OSK030-0015,8/2/2005,38.858371,-85.257189,,,,,,Yes,,5,Invert,5
IN,OSK030-0017,IN-OSK030-0017,8/17/2010,38.84407664,-85.25926279,,,,,,Yes,,4,Invert,4
IN,OSK030-0019,IN-OSK030-0019,8/17/2010,38.80943589,-85.31640925,,,,,,Yes,,4,Invert,4
IN,OSK060-0001,IN-OSK060-0001,9/13/2010,38.48108557,-85.51360058,,,,,,Yes,,4,Invert,4
IN,OSK070-0018,IN-OSK070-0018,9/13/2010,38.52637969,-85.61698428,,,,,,Yes,,4,Invert,4
IN,OSK070-0018,IN-OSK070-0018,9/13/2010,38.52637969,-85.61698428,,,,,,Yes,,4,Invert,4
IN,OSK100-0001,IN-OSK100-0001,8/18/2010,38.31230851,-85.68758246,,,,,,Yes,,5,Invert,5
IN,OSK140-0035,IN-OSK140-0035,8/8/2005,38.396882,-85.726638,,,,,,Yes,,4,Invert,4
IN,OSK140-0036,IN-OSK140-0036,8/3/2005,38.481224,-85.703417,,,,,,Yes,,5,Invert,5
IN,OSK140-0040,IN-OSK140-0040,8/25/2010,38.50276107,-85.77846685,,,,,,Yes,,4,Invert,4
IN,OSK140-0043,IN-OSK140-0043,7/12/2010,38.49437349,-85.72857577,,,,,,Yes,,4,Invert,4
IN,OSK150-0005,IN-OSK150-0005,8/18/2010,38.32259112,-85.8306652,,,,,,Yes,,4,Invert,4
IN,WEL010-0010,IN-WEL010-0010,8/7/2007,38.76376297,-86.25318445,,,,,,Yes,,4,Invert,4
IN,WEL-01-0003,IN-WEL-01-0003,7/29/2013,38.70966657,-86.20826039,,,,,,Yes,,5,Invert,5
IN,WEL030-0010,IN-WEL030-0010,7/31/2007,38.80781472,-86.38770057,,,,,,Yes,,4,Invert,4
IN,WEL040-0010,IN-WEL040-0010,7/25/2007,38.85414306,-86.47047228,,,,,,Yes,,4,Invert,4
IN,WEL040-0011,IN-WEL040-0011,8/6/2007,38.82872908,-86.50079275,,,,,,Yes,,5,Invert,5
IN,WEL-04-0002,IN-WEL-04-0002,7/17/2013,39.0149329,-86.18652492,,,,,,Yes,,4,Invert,4
IN,WEL050-0019,IN-WEL050-0019,8/1/2007,39.24982344,-86.13606987,,,,,,Yes,,4,Invert,4
IN,WEL060-0008,IN-WEL060-0008,7/25/2007,39.02356064,-86.2627895,,,,,,Yes,,4,Invert,4
IN,WEL080-0015,IN-WEL080-0015,8/1/2007,39.11834668,-86.31007936,,,,,,Yes,,4,Invert,4
IN,WEL090-0009,IN-WEL090-0009,10/27/2004,38.90027778,-86.46944444,,,,,,Yes,,4,Invert,4
IN,WEL090-0015,IN-WEL090-0015,10/27/2004,38.97638889,-86.47777778,,,,,,Yes,,5,Invert,5
IN,WEL-09-0004,IN-WEL-09-0004,10/22/2013,38.96138145,-86.69829469,,,,,,Yes,,4,Invert,4
IN,WEL100-0015,IN-WEL100-0015,8/6/2007,38.74273754,-86.72816667,,,,,,Yes,,4,Invert,4
IN,WEL-11-0001,IN-WEL-11-0001,8/27/2013,38.73590211,-86.84368927,,,,,,Yes,,4,Invert,4
IN,WEL-13-0023,IN-WEL-13-0023,8/27/2013,38.53703097,-86.8086732,,,,,,Yes,,5,Invert,5
IN,WEL-13-0026,IN-WEL-13-0026,8/26/2013,38.51055774,-86.61420286,,,,,,Yes,,4,Invert,4
IN,WEL140-0005,IN-WEL140-0005,9/12/2007,38.61644576,-86.88260864,,,,,,Yes,,5,Invert,5
IN,WEL-14-0001,IN-WEL-14-0001,10/17/2013,38.62088367,-86.84257322,,,,,,Yes,,4,Invert,4
IN,WEL150-0005,IN-WEL150-0005,11/16/2004,38.63652778,-86.36583333,,,,,,Yes,,4,Invert,4
IN,WEL150-0010,IN-WEL150-0010,7/31/2007,38.62938465,-86.42034098,,,,,,Yes,,4,Invert,4
IN,WEL150-0010,IN-WEL150-0010,7/31/2007,38.62938465,-86.42034098,,,,,,Yes,,3,Invert,3
IN,WEL160-0022,IN-WEL160-0022,7/31/2007,38.53493436,-86.58887009,,,,,,Yes,,3,Invert,3
IN,WEL160-0025,IN-WEL160-0025,7/30/2007,38.5849311,-86.74221456,,,,,,Yes,,4,Invert,4
IN,WEL160-0027,IN-WEL160-0027,7/31/2007,38.5971791,-86.67562054,,,,,,Yes,,4,Invert,4
IN,WEL160-0028,IN-WEL160-0028,7/30/2007,38.59024061,-86.77830199,,,,,,Yes,,5,Invert,5
IN,WEL170-0022,IN-WEL170-0022,9/11/2007,38.50102611,-86.89976832,,,,,,Yes,,4,Invert,4
IN,WEM010-0016,IN-WEM010-0016,7/24/2007,38.84326084,-85.48528404,,,,,,Yes,,4,Invert,4
IN,WEM020-0018,IN-WEM020-0018,10/3/2007,39.06035278,-85.34410833,,,,,,Yes,,5,Invert,5
IN,WEM-02-0002,IN-WEM-02-0002,8/5/2013,38.90637908,-85.60614372,,,,,,Yes,,4,Invert,4
IN,WEM-02-0002,IN-WEM-02-0002,8/5/2013,38.90637908,-85.60614372,,,,,,Yes,,4,Invert,4
IN,WEM020-0020,IN-WEM020-0020,10/3/2007,39.05678889,-85.266975,,,,,,Yes,,5,Invert,5
IN,WEM020-0021,IN-WEM020-0021,10/3/2007,39.04543333,-85.28460556,,,,,,Yes,,4,Invert,4
IN,WEM020-0023,IN-WEM020-0023,10/3/2007,39.03078333,-85.32508889,,,,,,Yes,,4,Invert,4
IN,WEM020-0025,IN-WEM020-0025,10/1/2007,38.99945833,-85.36087778,,,,,,Yes,,4,Invert,4
IN,WEM020-0026,IN-WEM020-0026,10/2/2007,39.00094722,-85.35948889,,,,,,Yes,,5,Invert,5
IN,WEM020-0028,IN-WEM020-0028,10/3/2007,39,-85.33364167,,,,,,Yes,,4,Invert,4
IN,WEM020-0030,IN-WEM020-0030,10/1/2007,38.99301667,-85.46733056,,,,,,Yes,,4,Invert,4
IN,WEM020-0031,IN-WEM020-0031,10/2/2007,38.977825,-85.47490556,,,,,,Yes,,5,Invert,5
IN,WEM020-0032,IN-WEM020-0032,10/1/2007,38.97741667,-85.467675,,,,,,Yes,,4,Invert,4
IN,WEM020-0034,IN-WEM020-0034,10/1/2007,38.98053056,-85.45269722,,,,,,Yes,,4,Invert,4
IN,WEM020-0036,IN-WEM020-0036,10/2/2007,38.95664167,-85.49456667,,,,,,Yes,,4,Invert,4
IN,WEM020-0040,IN-WEM020-0040,10/1/2007,38.93831694,-85.46241889,,,,,,Yes,,4,Invert,4
IN,WEM020-0041,IN-WEM020-0041,10/2/2007,38.98527222,-85.39811111,,,,,,Yes,,5,Invert,5
IN,WEM020-0042,IN-WEM020-0042,10/1/2007,39.00787,-85.3831,,,,,,Yes,,4,Invert,4
IN,WEM020-0043,IN-WEM020-0043,10/2/2007,39.00815833,-85.37036111,,,,,,Yes,,4,Invert,4
IN,WEM020-0044,IN-WEM020-0044,10/3/2007,39.03832472,-85.33587417,,,,,,Yes,,5,Invert,5
IN,WEM050-0005,IN-WEM050-0005,10/26/2004,39.1175,-85.4725,,,,,,Yes,,4,Invert,4
IN,WEM050-0008,IN-WEM050-0008,10/26/2004,39.16486111,-85.4625,,,,,,Yes,,4,Invert,4
IN,WEM060-0003,IN-WEM060-0003,10/26/2004,38.98888889,-85.57527778,,,,,,Yes,,4,Invert,4
IN,WEM-06-0016,IN-WEM-06-0016,7/30/2013,38.80705892,-85.78672817,,,,,,Yes,,5,Invert,5
IN,WEM-07-0004,IN-WEM-07-0004,8/6/2013,38.97467929,-85.6141175,,,,,,Yes,,3,Invert,3
IN,WEM-07-0005,IN-WEM-07-0005,10/21/2013,38.91423263,-85.83048217,,,,,,Yes,,5,Invert,5
IN,WEM090-0012,IN-WEM090-0012,7/25/2007,38.76863872,-85.94701772,,,,,,Yes,,5,Invert,5
IN,WEM090-0014,IN-WEM090-0014,9/10/2007,38.75278001,-85.92863956,,,,,,Yes,,5,Invert,5
IN,WEM-09-0005,IN-WEM-09-0005,8/20/2013,38.75698072,-86.0089228,,,,,,Yes,,5,Invert,5
IN,WEM110-0014,IN-WEM110-0014,9/5/2007,38.77199776,-86.15852448,,,,,,Yes,,5,Invert,5
IN,WEU-02-0001,IN-WEU-02-0001,9/17/2013,39.06385419,-85.85111493,,,,,,Yes,,3,Invert,3
IN,WEU030-0047,IN-WEU030-0047,7/31/2007,39.06900567,-85.79524371,,,,,,Yes,,5,Invert,5
IN,WEU-04-0002,IN-WEU-04-0002,7/17/2013,39.05743422,-85.97109884,,,,,,Yes,,5,Invert,5
IN,WEU050-0008,IN-WEU050-0008,7/31/2007,39.10265909,-85.95886706,,,,,,Yes,,5,Invert,5
IN,WEU-05-0001,IN-WEU-05-0001,9/16/2013,39.0279766,-85.85856719,,,,,,Yes,,5,Invert,5
IN,WEU060-0009,IN-WEU060-0009,8/7/2007,38.79801056,-86.16328081,,,,,,Yes,,5,Invert,5
IN,WEU-06-0001,IN-WEU-06-0001,10/1/2013,38.82858853,-86.13652193,,,,,,Yes,,4,Invert,4
IN,WPA010-0031,IN-WPA010-0031,8/1/2006,38.36159997,-86.65807067,,,,,,Yes,,4,Invert,4
IN,WPA010-0034,IN-WPA010-0034,8/1/2006,38.36801499,-86.66530029,,,,,,Yes,,4,Invert,4
IN,WPA010-0038,IN-WPA010-0038,8/7/2006,38.44081343,-86.48334314,,,,,,Yes,,4,Invert,4
IN,WPA010-0042,IN-WPA010-0042,8/7/2006,38.44735671,-86.46982738,,,,,,Yes,,4,Invert,4
IN,WPA-01-0009,IN-WPA-01-0009,7/16/2012,38.48914385,-86.36030857,,,,,,Yes,,4,Invert,4
IN,WPA-02-0003,IN-WPA-02-0003,8/6/2012,38.30313313,-86.82156315,,,,,,Yes,,5,Invert,5
IN,WPA020-0049,IN-WPA020-0049,8/1/2006,38.48127306,-86.81778973,,,,,,Yes,,5,Invert,5
IN,WPA-02-0005,IN-WPA-02-0005,7/17/2012,38.34069266,-86.80689514,,,,,,Yes,,5,Invert,5
IN,WPA020-0051,IN-WPA020-0051,8/7/2006,38.43846651,-86.80668874,,,,,,Yes,,5,Invert,5
IN,WPA020-0051,IN-WPA020-0051,8/7/2006,38.43846651,-86.80668874,,,,,,Yes,,5,Invert,5
IN,WPA020-0058,IN-WPA020-0058,9/7/2006,38.4722046,-86.77734737,,,,,,Yes,,4,Invert,4
IN,WPA-02-0006,IN-WPA-02-0006,8/6/2012,38.34489768,-86.87354825,,,,,,Yes,,5,Invert,5
IN,WPA030-0014,IN-WPA030-0014,8/2/2006,38.31363595,-86.81043423,,,,,,Yes,,4,Invert,4
IN,WPA030-0015,IN-WPA030-0015,8/8/2006,38.35649289,-86.88591447,,,,,,Yes,,5,Invert,5
IN,WPA030-0016,IN-WPA030-0016,8/2/2006,38.31756923,-86.84643603,,,,,,Yes,,4,Invert,4
IN,WPA030-0017,IN-WPA030-0017,8/1/2006,38.36451286,-86.77667781,,,,,,Yes,,5,Invert,5
IN,WPA-04-0005,IN-WPA-04-0005,7/18/2012,38.44755815,-86.87122174,,,,,,Yes,,5,Invert,5
IN,WPA-04-0006,IN-WPA-04-0006,8/8/2012,38.42247148,-86.87178304,,,,,,Yes,,4,Invert,4
IN,WPA-04-0007,IN-WPA-04-0007,7/17/2012,38.4323775,-86.79452789,,,,,,Yes,,5,Invert,5
IN,WWE020-0016,IN-WWE020-0016,7/17/2006,39.62545891,-86.90456603,,,,,,Yes,,3,Invert,3
IN,WWE030-0008,IN-WWE030-0008,7/17/2006,39.63190499,-86.94128419,,,,,,Yes,,3,Invert,3
IN,WWE-07-0001,IN-WWE-07-0001,7/13/2011,39.40463354,-86.94290037,,,,,,Yes,,3,Invert,3
IN,WWL-01-0003,IN-WWL-01-0003,7/26/2011,39.26101143,-86.24166434,,,,,,Yes,,4,Invert,4
IN,WWL-01-0003,IN-WWL-01-0003,7/26/2011,39.26101143,-86.24166434,,,,,,Yes,,3,Invert,3
IN,WWL-01-0004,IN-WWL-01-0004,7/27/2011,39.30651617,-86.61808657,,,,,,Yes,,5,Invert,5
IN,WWL010-0045,IN-WWL010-0045,7/27/2006,39.26130629,-86.32588478,,,,,,Yes,,4,Invert,4
IN,WWL020-0024,IN-WWL020-0024,9/13/2004,39.35888889,-86.76388889,,,,,,Yes,,4,Invert,4
IN,WWL-02-0003,IN-WWL-02-0003,7/13/2011,39.28226719,-86.80590419,,,,,,Yes,,3,Invert,3
IN,WWL020-0054,IN-WWL020-0054,7/19/2006,39.20484287,-86.75668311,,,,,,Yes,,4,Invert,4
IN,WWL020-0055,IN-WWL020-0055,7/19/2006,39.21245235,-86.90575378,,,,,,Yes,,4,Invert,4
IN,WWL020-0056,IN-WWL020-0056,7/19/2006,39.24983721,-86.67152828,,,,,,Yes,,5,Invert,5
IN,WWL020-0057,IN-WWL020-0057,10/10/2006,39.33839328,-86.70875859,,,,,,Yes,,5,Invert,5
IN,WWL020-0058,IN-WWL020-0058,7/24/2006,39.17572187,-86.90259331,,,,,,Yes,,4,Invert,4
IN,WWL020-0058,IN-WWL020-0058,7/24/2006,39.17572187,-86.90259331,,,,,,Yes,,3,Invert,3
IN,WWL-03-0003,IN-WWL-03-0003,7/20/2011,38.97125807,-86.84277623,,,,,,Yes,,5,Invert,5
IN,WWL-03-0010,IN-WWL-03-0010,8/8/2011,38.94530131,-86.84048146,,,,,,Yes,,5,Invert,5
IN,WWL-03-0011,IN-WWL-03-0011,8/9/2011,39.12664612,-86.73979511,,,,,,Yes,,4,Invert,4
IN,WWL-03-0012,IN-WWL-03-0012,8/8/2011,39.17288698,-86.6833645,,,,,,Yes,,4,Invert,4
IN,WWL-03-0013,IN-WWL-03-0013,8/15/2011,39.07967089,-86.85229021,,,,,,Yes,,3,Invert,3
IN,WWL-03-0013,IN-WWL-03-0013,8/15/2011,39.07967089,-86.85229021,,,,,,Yes,,3,Invert,3
IN,WWL-03-0014,IN-WWL-03-0014,8/8/2011,38.98084609,-86.86080513,,,,,,Yes,,5,Invert,5
IN,WWL-03-0015,IN-WWL-03-0015,8/10/2011,39.10259346,-86.72328778,,,,,,Yes,,3,Invert,3
IN,WWL-03-0017,IN-WWL-03-0017,8/8/2011,39.18111393,-86.63829222,,,,,,Yes,,4,Invert,4
IN,WWL-03-0018,IN-WWL-03-0018,8/10/2011,39.09502225,-86.83292764,,,,,,Yes,,2,Invert,2
IN,WWL-03-0022,IN-WWL-03-0022,8/15/2011,38.98829746,-86.77902813,,,,,,Yes,,5,Invert,5
IN,WWL-03-0023,IN-WWL-03-0023,8/16/2011,39.0310192,-86.79405878,,,,,,Yes,,4,Invert,4
IN,WWL-03-0024,IN-WWL-03-0024,8/16/2011,39.02666406,-86.80329971,,,,,,Yes,,4,Invert,4
IN,WWL-03-0025,IN-WWL-03-0025,8/8/2011,38.9587407,-86.779664,,,,,,Yes,,4,Invert,4
IN,WWL-03-0026,IN-WWL-03-0026,8/8/2011,39.1682792,-86.66067998,,,,,,Yes,,3,Invert,3
IN,WWL-03-0028,IN-WWL-03-0028,8/16/2011,39.05667246,-86.73115551,,,,,,Yes,,3,Invert,3
IN,WWL-03-0029,IN-WWL-03-0029,8/9/2011,39.15892725,-86.64751423,,,,,,Yes,,4,Invert,4
IN,WWL-03-0030,IN-WWL-03-0030,8/15/2011,39.00317541,-86.79297261,,,,,,Yes,,4,Invert,4
IN,WWL-03-0030,IN-WWL-03-0030,8/15/2011,39.00317541,-86.79297261,,,,,,Yes,,4,Invert,4
IN,WWL-03-0034,IN-WWL-03-0034,8/22/2011,38.97033517,-86.80859718,,,,,,Yes,,4,Invert,4
IN,WWL-03-0037,IN-WWL-03-0037,8/15/2011,39.0629331,-86.82857257,,,,,,Yes,,4,Invert,4
IN,WWL040-0057,IN-WWL040-0057,7/24/2006,39.08078227,-86.8469522,,,,,,Yes,,4,Invert,4
IN,WWU-15-0001,IN-WWU-15-0001,10/3/2011,39.39874416,-86.47906738,,,,,,Yes,,4,Invert,4
IN,WWU-15-0003,IN-WWU-15-0003,7/19/2011,39.49463793,-86.4294627,,,,,,Yes,,5,Invert,5
IN,WWU160-0013,IN-WWU160-0013,9/13/2004,39.46944444,-86.50638889,,,,,,Yes,,3,Invert,3
IN,WWU-17-0003,IN-WWU-17-0003,9/19/2011,39.34770074,-86.6398066,,,,,,Yes,,4,Invert,4
